VALUE,EVT_FUEL,EVT_FUEL_N,R,G,B,RED,GREEN,BLUE
-9999,-9999,Fill-NoData,255,255,255,1,1,1
11,11,Ba Open Water,0,0,255,0,0,1
12,12,Ba Snow-Ice,159,161,240,1,1,1
20,20,Bau Urban,52,52,52,0.20392,0.20392,0.20392
21,21,Bau Developed-Open Space,52,52,52,0.20392,0.20392,0.20392
22,22,Bau Developed-Low Intensity,255,122,143,1,0.47843,0.56078
23,23,Bau Developed-Medium Intensity,253,44,79,0.99215,0.17254,0.3098
24,24,Bau Developed-High Intensity,173,0,28,0.67843,0,0.1098
31,31,Bab Barren,191,191,191,0.74902,0.74902,0.74902
32,32,Bab Quarries-Strip Mines-Gravel Pits-Well and Wind Pads,230,232,250,1,1,1
80,80,Da Agriculture,255,210,119,1,0.82352,0.46666
81,81,Dab Agriculture-Pasture and Hay,227,212,28,0.89019,0.83137,0.1098
82,82,Da Agriculture-Cultivated Crops and Irrigated Agriculture,250,255,119,0.98039,1,0.46666
2001,2001,Sps Inter-Mountain Basins Sparsely Vegetated Systems,100,100,100,0.39215,0.39215,0.39215
2002,2002,Sps Mediterranean California Sparsely Vegetated Systems,100,100,100,0.39215,0.39215,0.39215
2003,2003,Sps North Pacific Sparsely Vegetated Systems,100,100,100,0.39215,0.39215,0.39215
2004,2004,Sps North American Warm Desert Sparsely Vegetated Systems,100,100,100,0.39215,0.39215,0.39215
2005,2005,Sps Pacific Coastal Dunes and Other Sparsely Vegetated Systems,100,100,100,0,0,0
2006,2006,Sps Rocky Mountain Alpine/Montane Sparsely Vegetated Systems,100,100,100,0.39215,0.39215,0.39215
2007,2007,Sps Western Great Plains Sparsely Vegetated Systems,100,100,100,0.39215,0.39215,0.39215
2008,2008,Tr North Pacific Oak Woodland,203,255,171,0.79607,1,0.67058
2009,2009,Tr Northwestern Great Plains Aspen Forest and Parkland,192,255,138,0.75294,1,0.54117
2010,2010,Tr Northern Rocky Mountain Western Larch Savanna,180,255,148,0.70588,1,0.58039
2011,2011,Tr Rocky Mountain Aspen Forest and Woodland,192,255,138,0.75294,1,0.54117
2012,2012,Tr Rocky Mountain Bigtooth Maple Ravine Woodland,171,255,138,0.67058,1,0.54117
2013,2013,Tr Western Great Plains Dry Bur Oak Forest and Woodland,6,53,122,0.02352,0.20784,0.47843
2014,2014,Tr Central and Southern California Mixed Evergreen Woodland,145,255,115,0.56862,1,0.45098
2015,2015,Tr California Coastal Redwood Forest,135,255,105,0.52941,1,0.41176
2016,2016,Tr Colorado Plateau Pinyon-Juniper Woodland,121,255,94,0.47451,1,0.36862
2017,2017,Tr Columbia Plateau Western Juniper Woodland and Savanna,108,255,82,0.42352,1,0.32156
2018,2018,Tr East Cascades Mesic Montane Mixed-Conifer Forest and Woodland,96,255,71,0.37647,1,0.27843
2019,2019,Tr Great Basin Pinyon-Juniper Woodland,78,255,59,0.30588,1,0.23137
2020,2020,Tr Inter-Mountain Basins Subalpine Limber-Bristlecone Pine Woodland,63,255,46,0.24705,1,0.18039
2021,2021,Tr Klamath-Siskiyou Lower Montane Serpentine Mixed Conifer Woodland,42,255,31,0.1647,1,0.12156
2022,2022,Tr Klamath-Siskiyou Upper Montane Serpentine Mixed Conifer Woodland,224,252,192,0.87843,0.98823,0.75294
2023,2023,Tr Madrean Encinal,0,237,0,0,0.92941,0
2024,2024,Tr Madrean Lower Montane Pine-Oak Forest and Woodland,0,237,0,0,0.92941,0
2025,2025,Tr Madrean Pinyon-Juniper Woodland,121,255,94,0.47451,1,0.36862
2026,2026,Tr Madrean Upper Montane Conifer-Oak Forest and Woodland,0,237,0,0,0.92941,0
2027,2027,Tr Mediterranean California Dry-Mesic Mixed Conifer Forest and Woodland,0,222,0,0,0.87058,0
2028,2028,Tr Mediterranean California Mesic Mixed Conifer Forest and Woodland,0,204,0,0,0.8,0
2029,2029,Tr Mediterranean California Mixed Oak Woodland,0,189,0,0,0.74117,0
2030,2030,Tr Mediterranean California Lower Montane Conifer Forest and Woodland,0,189,0,0,0.74117,0
2031,2031,Tr California Montane Jeffrey Pine(-Ponderosa Pine) Woodland,0,173,0,0,0.67843,0
2032,2032,Tr Mediterranean California Red Fir Forest,0,158,0,0,0.6196,0
2033,2033,Tr Mediterranean California Subalpine Woodland,0,145,0,0,0.56862,0
2034,2034,Tr Mediterranean California Mesic Serpentine Woodland and Chaparral,224,252,192,0.87843,0.98823,0.75294
2035,2035,Tr North Pacific Dry Douglas-fir(-Madrone) Forest and Woodland,0,130,0,0,0.5098,0
2036,2036,Tr North Pacific Hypermaritime Seasonal Sitka Spruce Forest,0,117,0,0,0.45882,0
2037,2037,Tr North Pacific Maritime Dry-Mesic Douglas-fir-Western Hemlock Forest,0,105,0,0,0.41176,0
2038,2038,Tr North Pacific Maritime Mesic Subalpine Parkland,0,92,0,0,0.36078,0
2039,2039,Tr North Pacific Maritime Mesic-Wet Douglas-fir-Western Hemlock Forest,0,105,0,0,0.41176,0
2040,2040,Tr Alaskan Pacific Mesic Western Hemlock-Yellow-cedar Forest,0,82,0,0,0.321569,0
2041,2041,Tr North Pacific Mountain Hemlock Forest,0,92,0,0,0.36078,0
2042,2042,Tr North Pacific Mesic Western Hemlock-Silver Fir Forest,0,71,0,0,0.27843,0
2043,2043,Tr Mediterranean California Mixed Evergreen Forest,0,61,0,0,0.23921,0
2044,2044,Tr Northern California Mesic Subalpine Woodland,0,92,0,0,0.36078,0
2045,2045,Tr Northern Rocky Mountain Dry-Mesic Montane Mixed Conifer Forest,0,51,0,0,0.2,0
2046,2046,Tr Northern Rocky Mountain Subalpine Woodland and Parkland,191,255,233,0.74902,1,0.91372
2047,2047,Tr Northern Rocky Mountain Mesic Montane Mixed Conifer Forest,96,255,71,0.37647,1,0.27843
2048,2048,Tr Northwestern Great Plains Highland White Spruce Woodland,182,250,227,0.71372,0.98039,0.89019
2049,2049,Tr Rocky Mountain Foothill Limber Pine-Juniper Woodland,174,245,224,0.68235,0.96078,0.87843
2050,2050,Tr Rocky Mountain Lodgepole Pine Forest,163,240,219,0.63921,0.94117,0.85882
2051,2051,Tr Southern Rocky Mountain Dry-Mesic Montane Mixed Conifer Forest and Woodland,0,51,0,0,0.2,0
2052,2052,Tr Southern Rocky Mountain Mesic Montane Mixed Conifer Forest and Woodland,0,204,0,0,0.8,0
2053,2053,Tr Northern Rocky Mountain Ponderosa Pine Woodland and Savanna,214,255,181,0.83921,1,0.7098
2054,2054,Tr Southern Rocky Mountain Ponderosa Pine Woodland,214,255,181,0.83921,1,0.7098
2055,2055,Tr Rocky Mountain Subalpine Dry-Mesic Spruce-Fir Forest and Woodland,236,252,204,0.92549,0.98823,0.8
2056,2056,Tr Rocky Mountain Subalpine Mesic-Wet Spruce-Fir Forest and Woodland,236,252,204,0.92549,0.98823,0.8
2057,2057,Tr Rocky Mountain Subalpine-Montane Limber-Bristlecone Pine Woodland,63,255,46,0.24705,1,0.18039
2058,2058,Tr Sierra Nevada Subalpine Lodgepole Pine Forest and Woodland,163,240,219,0.63921,0.94117,0.85882
2059,2059,Tr Southern Rocky Mountain Pinyon-Juniper Woodland,121,255,94,0.47451,1,0.36862
2060,2060,Tr East Cascades Ponderosa Pine Forest and Woodland,214,255,181,0.83921,1,0.7098
2061,2061,Tr Inter-Mountain Basins Aspen-Mixed Conifer Forest and Woodland,192,255,138,0.75294,1,0.54117
2062,2062,Tr Inter-Mountain Basins Curl-leaf Mountain Mahogany Woodland and Shrubland,155,235,216,0.60784,0.92156,0.84705
2063,2063,Tr North Pacific Broadleaf Landslide Forest and Shrubland,146,232,215,0.57254,0.9098,0.84313
2064,2064,Sh Colorado Plateau Mixed Low Sagebrush Shrubland,204,182,135,0.8,0.71372,0.52941
2065,2065,Sh Columbia Plateau Scabland Shrubland,199,176,129,0.78039,0.69019,0.50588
2066,2066,Sh Inter-Mountain Basins Mat Saltbush Shrubland,194,170,126,0.76078,0.66666,0.49411
2067,2067,Sh Mediterranean California Alpine Fell-Field,255,211,119,1,0.82745,0.46666
2068,2068,Sh North Pacific Dry and Mesic Alpine Dwarf-Shrubland or Fell-field or Meadow,181,156,114,0.7098,0.61176,0.44705
2070,2070,Sh Rocky Mountain Alpine Dwarf-Shrubland,171,145,106,0.67058,0.56862,0.41568
2071,2071,Sh Sierra Nevada Alpine Dwarf-Shrubland,255,211,119,1,0.82745,0.46666
2072,2072,Sh Wyoming Basins Dwarf Sagebrush Shrubland and Steppe,204,182,135,0.8,0.71372,0.52941
2073,2073,Sh Baja Semi-Desert Coastal Succulent Scrub,166,139,107,1,1,0
2074,2074,Sh Chihuahuan Creosotebush Desert Scrub,161,134,96,0.63137,0.52549,0.37647
2075,2075,Sh Chihuahuan Mixed Salt Desert Scrub,156,128,92,0.61176,0.50196,0.36078
2076,2076,Sh Chihuahuan Stabilized Coppice Dune and Sand Flat Scrub,150,123,89,0.58823,0.48235,0.34902
2077,2077,Sh Chihuahuan Succulent Desert Scrub,145,117,84,0.56862,0.45882,0.32941
2078,2078,Sh Colorado Plateau Blackbrush-Mormon-tea Shrubland,140,112,80,0.54902,0.43921,0.31372
2079,2079,Sh Great Basin Xeric Mixed Sagebrush Shrubland,135,106,76,0.52941,0.41568,0.29803
2080,2080,Sh Inter-Mountain Basins Big Sagebrush Shrubland,130,101,72,0.5098,0.39607,0.28235
2081,2081,Sh Inter-Mountain Basins Mixed Salt Desert Scrub,156,128,92,0.61176,0.50196,0.36078
2082,2082,Sh Mojave Mid-Elevation Mixed Desert Scrub,140,112,80,0.54902,0.43921,0.31372
2083,2083,Sh North Pacific Avalanche Chute Shrubland,128,97,69,0.50196,0.38039,0.27058
2084,2084,Sh North Pacific Montane Shrubland,128,97,69,0.50196,0.38039,0.27058
2085,2085,Sh Northwestern Great Plains Shrubland,122,93,65,0.47843,0.3647,0.2549
2086,2086,Sh Rocky Mountain Lower Montane-Foothill Shrubland,117,87,61,0.45882,0.34117,0.23921
2087,2087,Sh Sonora-Mojave Creosotebush-White Bursage Desert Scrub,161,134,96,0.63137,0.52549,0.37647
2088,2088,Sh Sonora-Mojave Mixed Salt Desert Scrub,156,128,92,0.61176,0.50196,0.36078
2090,2090,Sh Sonoran Granite Outcrop Desert Scrub,161,134,96,0.63137,0.52549,0.37647
2091,2091,Sh Sonoran Mid-Elevation Desert Scrub,161,134,96,0.63137,0.52549,0.37647
2092,2092,Sh Southern California Coastal Scrub,166,139,107,0.65098,0.54509,0.4196
2093,2093,Sh Southern Colorado Plateau Sand Shrubland,112,82,57,0.43921,0.32156,0.22352
2094,2094,Sh Western Great Plains Sandhill Steppe,112,82,57,0.43921,0.32156,0.22352
2095,2095,Sh Apacherian-Chihuahuan Mesquite Upland Scrub,150,123,89,0.58823,0.48235,0.34902
2096,2096,Sh California Maritime Chaparral,107,77,54,0.4196,0.30196,0.21176
2097,2097,Sh California Mesic Chaparral,59,30,19,0.23137,0.11764,0.07451
2098,2098,Sh California Montane Woodland and Chaparral,66,37,24,0.25882,0.14509,0.09411
2099,2099,Sh California Xeric Serpentine Chaparral,66,37,24,0.25882,0.14509,0.09411
2100,2100,Sh Chihuahuan Mixed Desert and Thornscrub,74,44,29,0.29019,0.17254,0.11372
2101,2101,Sh Madrean Oriental Chaparral,145,117,84,0.56862,0.45882,0.32941
2102,2102,Sh Colorado Plateau Pinyon-Juniper Shrubland,121,255,94,0,1,0.36862
2103,2103,Sh Great Basin Semi-Desert Chaparral,89,59,40,0.34902,0.23137,0.15686
2104,2104,Sh Mogollon Chaparral,89,59,40,0.34902,0.23137,0.15686
2105,2105,Sh Northern and Central California Dry-Mesic Chaparral,99,69,47,0.38823,0.27058,0.18431
2106,2106,Sh Northern Rocky Mountain Montane-Foothill Deciduous Shrubland,117,87,61,0.45882,0.34117,0.23921
2107,2107,Sh Rocky Mountain Gambel Oak-Mixed Montane Shrubland,245,175,54,0.96078,0.68627,0.21176
2108,2108,Sh Sonora-Mojave Semi-Desert Chaparral,89,59,40,0.34902,0.23137,0.15686
2109,2109,Sh Sonoran Paloverde-Mixed Cacti Desert Scrub,242,168,48,0.94902,0.65882,0.18823
2110,2110,Sh Southern California Dry-Mesic Chaparral,99,69,47,0.38823,0.27058,0.18431
2111,2111,Sh Western Great Plains Mesquite Woodland and Shrubland,150,123,89,0.58823,0.48235,0.34902
2112,2112,Tr California Central Valley Mixed Oak Savanna,138,227,212,0.54117,0.89019,0.83137
2113,2113,Tr California Coastal Live Oak Woodland and Savanna,131,222,110,0.51372,0.87058,0.43137
2114,2114,Tr California Lower Montane Foothill Pine Woodland and Savanna,121,217,207,0.47451,0.85098,0.81176
2115,2115,Tr Inter-Mountain Basins Juniper Savanna,78,255,59,0.30588,1,0.23137
2116,2116,Tr Madrean Juniper Savanna,145,117,84,0.56862,0.45882,0.32941
2117,2117,Tr Southern Rocky Mountain Ponderosa Pine Savanna,214,255,181,0.83921,1,0.7098
2118,2118,Tr Southern California Oak Woodland and Savanna,131,222,110,0.51372,0.87058,0.43137
2119,2119,Tr Southern Rocky Mountain Juniper Woodland and Savanna,121,255,94,0.47451,1,0.36862
2120,2120,Tr Willamette Valley Upland Prairie and Savanna,203,255,171,0.79607,1,0.67058
2121,2121,Sh Apacherian-Chihuahuan Semi-Desert Grassland and Steppe,255,204,51,1,0.8,0.2
2122,2122,He Chihuahuan Gypsophilous Grassland and Steppe,255,204,51,1,0.8,0.2
2123,2123,He Columbia Plateau Steppe and Grassland,199,176,129,0.78039,0.69019,0.50588
2124,2124,Sh Columbia Plateau Low Sagebrush Steppe,135,106,76,0.52941,0.41568,0.29803
2125,2125,Sh Inter-Mountain Basins Big Sagebrush Steppe,230,151,41,0.90196,0.59215,0.16078
2126,2126,Sh Inter-Mountain Basins Montane Sagebrush Steppe,219,140,37,0.85882,0.54902,0.14509
2127,2127,Sh Inter-Mountain Basins Semi-Desert Shrub-Steppe,130,101,72,0.5098,0.39607,0.28235
2128,2128,Sh Northern California Coastal Scrub,201,116,30,0.78823,0.4549,0.11764
2129,2129,He California Central Valley and Southern Coastal Grassland,255,235,153,1,0.92156,0.6
2130,2130,He California Mesic Serpentine Grassland,255,235,153,1,0.92156,0.6
2131,2131,He California Northern Coastal Grassland,255,248,148,1,0.97254,0.58039
2132,2132,Sh Central Mixedgrass Prairie,255,241,140,1,0.94509,0.54902
2133,2133,He Chihuahuan Sandy Plains Semi-Desert Grassland,255,233,135,1,0.91372,0.52941
2134,2134,He Columbia Basin Foothill and Canyon Dry Grassland,255,226,130,1,0.88627,0.5098
2135,2135,He Inter-Mountain Basins Semi-Desert Grassland,255,200,125,1,0.78431,0.49019
2136,2136,He Mediterranean California Alpine Dry Tundra,255,211,119,1,0.82745,0.46666
2137,2137,He Mediterranean California Subalpine Meadow,255,205,112,1,0.80392,0.43921
2138,2138,He North Pacific Montane Grassland,255,198,107,1,0.77647,0.4196
2139,2139,He Northern Rocky Mountain Lower Montane-Foothill-Valley Grassland,255,191,102,1,0.74902,0.4
2140,2140,He Northern Rocky Mountain Subalpine-Upper Montane Grassland,255,184,97,1,0.72156,0.38039
2141,2141,He Northwestern Great Plains Mixedgrass Prairie,255,176,92,1,0.69019,0.36078
2142,2142,He Columbia Basin Palouse Prairie,255,198,107,1,0.77647,0.4196
2143,2143,He Rocky Mountain Alpine Fell-Field,171,145,106,0.67058,0.56862,0.41568
2144,2144,He Rocky Mountain Alpine Turf,171,145,106,0.67058,0.56862,0.41568
2145,2145,He Rocky Mountain Subalpine-Montane Mesic Meadow,255,163,82,1,0.63921,0.32156
2146,2146,He Southern Rocky Mountain Montane-Subalpine Grassland,171,145,106,0.67058,0.56862,0.41568
2147,2147,He Western Great Plains Foothill and Piedmont Grassland,255,157,77,1,0.61568,0.30196
2148,2148,He Western Great Plains Sand Prairie,255,148,71,1,0.58039,0.27843
2149,2149,He Western Great Plains Shortgrass Prairie,255,142,66,1,0.55686,0.25882
2150,2150,He Western Great Plains Tallgrass Prairie,255,137,64,1,0.53725,0.25098
2151,2151,Tr California Central Valley Riparian Woodland and Shrubland,81,180,141,0.31764,0.70588,0.55294
2152,2152,Tr California Montane Riparian Systems,81,180,141,0.31764,0.70588,0.55294
2153,2153,Sh Inter-Mountain Basins Greasewood Flat,194,170,126,0.76078,0.66666,0.49411
2154,2154,Tr Inter-Mountain Basins Montane Riparian Systems,73,171,186,0.28627,0.67058,0.72941
2155,2155,Tr North American Warm Desert Riparian Systems,81,180,141,0.31764,0.70588,0.55294
2156,2156,Tr North Pacific Lowland Riparian Forest and Shrubland,67,162,181,0.26274,0.63529,0.7098
2157,2157,Tr North Pacific Swamp Systems,67,162,181,0.26274,0.63529,0.7098
2158,2158,Tr North Pacific Montane Riparian Woodland and Shrubland,67,162,181,0.26274,0.63529,0.7098
2159,2159,Tr Rocky Mountain Montane Riparian Systems,73,171,186,0.28627,0.67058,0.72941
2160,2160,Tr Rocky Mountain Subalpine/Upper Montane Riparian Systems,184,96,24,0.72156,0.37647,0.09411
2161,2161,Tr Northern Rocky Mountain Conifer Swamp,73,171,186,0.28627,0.67058,0.72941
2162,2162,Tr Western Great Plains Floodplain Systems,6,53,122,0.02352,0.20784,0.47843
2163,2163,He Pacific Coastal Marsh Systems,255,127,59,1,0.49803,0.23137
2164,2164,He Rocky Mountain Wetland-Herbaceous,184,96,24,0.72156,0.37647,0.09411
2165,2165,Tr Northern Rocky Mountain Foothill Conifer Wooded Steppe,55,146,173,0.21568,0.57254,0.67843
2166,2166,Tr Middle Rocky Mountain Montane Douglas-fir Forest and Woodland,0,51,0,0,0.2,0
2167,2167,Tr Rocky Mountain Poor-Site Lodgepole Pine Forest,163,240,219,0.63921,0.94117,0.85882
2168,2168,Sh Northern Rocky Mountain Avalanche Chute Shrubland,128,97,69,0.50196,0.38039,0.27058
2169,2169,Sh Northern Rocky Mountain Subalpine Deciduous Shrubland,128,97,69,0.50196,0.38039,0.27058
2170,2170,Tr Klamath-Siskiyou Xeromorphic Serpentine Savanna and Chaparral,224,252,192,0.87843,0.98823,0.75294
2171,2171,He North Pacific Alpine and Subalpine Dry Grassland,255,114,48,1,0.44705,0.18823
2172,2172,Tr Sierran-Intermontane Desert Western White Pine-White Fir Woodland,0,204,0,0,0.8,0
2173,2173,Tr North Pacific Wooded Volcanic Flowage,163,240,219,0.63921,0.94117,0.85882
2174,2174,Tr North Pacific Dry-Mesic Silver Fir-Western Hemlock-Douglas-fir Forest,0,71,0,0,0.27843,0
2176,2176,He Rocky Mountain Alpine-Montane Wet Meadow,184,96,24,0.72156,0.37647,0.09411
2177,2177,Tr California Coastal Closed-Cone Conifer Forest and Woodland,224,252,192,0.87843,0.98823,0.75294
2178,2178,Tr North Pacific Hypermaritime Western Red-cedar-Western Hemlock Forest,4,45,117,0.01568,0.17647,0.45882
2179,2179,Tr Northwestern Great Plains-Black Hills Ponderosa Pine Woodland and Savanna,214,255,181,0.83921,1,0.7098
2180,2180,Tr Introduced Riparian Vegetation,255,105,46,1,0.41176,0.18039
2181,2181,He Introduced Upland Vegetation-Annual Grassland,255,105,46,1,0.41176,0.18039
2182,2182,He Introduced Upland Vegetation-Perennial Grassland and Forbland,255,105,46,1,0.41176,0.18039
2183,2183,He Introduced Upland Vegetation-Annual and Biennial Forbland,255,105,46,1,0.41176,0.18039
2184,2184,He California Annual Grassland,255,105,46,1,0.41176,0.18039
2185,2185,Tr Introduced Wetland Vegetation,0,132,168,0,0.51764,0.65882
2186,2186,Sh Introduced Upland Vegetation-Shrub,255,105,46,1,0.41176,0.18039
2187,2187,Tr Introduced Upland Vegetation-Treed,255,105,46,1,0.41176,0.18039
2190,2190,Sh Recently Burned-Shrub Cover,255,59,20,1,0.23137,0.07843
2191,2191,He Recently Logged-Herb and Grass Cover,255,68,25,1,0.26666,0.09803
2192,2192,Sh Recently Logged-Shrub Cover,255,68,25,1,0.26666,0.09803
2193,2193,Tr Recently Logged-Tree Cover,255,68,25,1,0.26666,0.09803
2194,2194,Tr Ruderal Upland-Treed,255,59,20,1,0.23137,0.07843
2195,2195,He Recently Burned-Herb and Grass Cover,255,59,20,1,0.23137,0.07843
2197,2197,Tr Recently Burned-Tree Cover,255,59,20,1,0.23137,0.07843
2198,2198,He Recently Disturbed-Herb and Grass Cover,255,68,25,1,0.26666,0.09803
2199,2199,Sh Recently Disturbed-Shrub Cover,255,68,25,1,0.26666,0.09803
2200,2200,Tr Coastal Douglas-fir Woodland,0,130,0,0,0.5098,0
2201,2201,Tr Quercus garryana Woodland Alliance,203,255,171,0.79607,1,0.67058
2202,2202,Tr Juniperus occidentalis Wooded Herbaceous Alliance,108,255,82,0.42352,1,0.32156
2203,2203,Tr Juniperus occidentalis Woodland Alliance,25,93,145,0.09803,0.3647,0.56862
2204,2204,Tr Recently Disturbed-Tree Cover,255,68,25,1,0.26666,0.09803
2205,2205,Tr Tsuga mertensiana-Abies amabilis Woodland Alliance,0,71,0,0,0.27843,0
2206,2206,Tr Pseudotsuga menziesii Giant Forest Alliance,0,130,0,0,0.5098,0
2208,2208,Tr Abies concolor Forest Alliance,0,204,0,0,0.8,0
2210,2210,Sh Coleogyne ramosissima Shrubland Alliance,140,112,80,0.54902,0.43921,0.31372
2211,2211,Sh Grayia spinosa Shrubland Alliance,156,128,92,0.61176,0.50196,0.36078
2213,2213,Sh Quercus havardii Shrubland Alliance,140,47,10,0.54902,0.18431,0.03921
2214,2214,Sh Arctostaphylos patula Shrubland Alliance,89,59,40,0.34902,0.23137,0.15686
2215,2215,Sh Quercus turbinella Shrubland Alliance,89,59,40,0.34902,0.23137,0.15686
2216,2216,Sh Cercocarpus montanus Shrubland Alliance,89,59,40,0.34902,0.23137,0.15686
2217,2217,Sh Quercus gambelii Shrubland Alliance,245,175,54,0.96078,0.68627,0.21176
2218,2218,Sps North American Warm Desert Sparsely Vegetated Systems II,100,100,100,0.39215,0.39215,0.39215
2219,2219,Sps Inter-Mountain Basins Sparsely Vegetated Systems II,100,100,100,0.39215,0.39215,0.39215
2220,2220,Sh Artemisia tridentata ssp. vaseyana Shrubland Alliance,219,140,37,0.85882,0.54902,0.14509
2221,2221,Sps Mediterranean California Sparsely Vegetated Systems II,100,100,100,0.39215,0.39215,0.39215
2222,2222,Sps Rocky Mountain Alpine/Montane Sparsely Vegetated Systems II,100,100,100,0.39215,0.39215,0.39215
2223,2223,Sps Sonoran Desert Sparsely Vegetated,100,100,100,0.39215,0.39215,0.39215
2224,2224,He Inter-Mountain Basins Alkaline Closed Depression,250,100,56,0.98039,0.39215,0.2196
2225,2225,He North American Arid West Emergent Marsh,250,100,56,0.98039,0.39215,0.2196
2226,2226,Tr Madrean Mesic Canyon Forest and Woodland,0,237,0,0,0.92941,0
2227,2227,Tr Pseudotsuga menziesii Forest Alliance,0,51,0,0,0.2,0
2228,2228,Tr Larix occidentalis Forest Alliance,180,255,148,0.70588,1,0.58039
2229,2229,Tr Pinus albicaulis Woodland Alliance,191,255,233,0.74902,1,0.91372
2230,2230,Tr Pinus sabiniana Woodland Alliance,121,217,207,0.47451,0.85098,0.81176
2231,2231,Tr Sequoiadendron giganteum Forest Alliance,0,222,0,0,0.87058,0
2232,2232,Tr Abies grandis Forest Forest,96,255,71,0.37647,1,0.27843
2233,2233,He North Pacific Herbaceous Bald and Bluff,82,52,34,0,0,0
2234,2234,Sh North Pacific Hypermaritime Shrub and Herbaceous Headland,201,116,30,0.788235,0.454902,0.117647
2235,2235,Tr North Pacific Lowland Mixed Hardwood-Conifer Forest,0,130,0,0,1,0
2236,2236,He Temperate Pacific Subalpine-Montane Wet Meadow,255,127,59,1,0,0
2238,2238,Tr Laurentian-Acadian Northern Oak Forest,174,245,224,0.68235,0.96078,0.87843
2239,2239,Tr Laurentian-Acadian Northern Pine-Oak Forest,174,245,224,0.68235,0.96078,0.87843
2240,2240,Tr Laurentian-Acadian Hardwood Forest,0,92,0,0,0.36078,0
2241,2241,Tr Laurentian-Acadian Pine-Hemlock-Hardwood Forest,0,92,0,0,0.36078,0
2242,2242,Tr Laurentian Oak Barrens,174,245,224,0.68235,0.96078,0.87843
2243,2243,Tr Laurentian Pine-Oak Barrens,174,245,224,0.68235,0.96078,0.87843
2244,2244,Tr Boreal Hardwood Forest,182,250,227,0.71372,0.98039,0.89019
2245,2245,Tr Boreal White Spruce-Fir-Hardwood Forest,182,250,227,0.71372,0.98039,0.89019
2246,2246,Tr Laurentian Jack Pine-Red Pine Forest,174,245,224,0.68235,0.96078,0.87843
2251,2251,He Great Lakes Dune Grassland,255,98,41,1,0.38431,0.16078
2260,2260,Tr Mediterranean California Lower Montane Black Oak Forest and Woodland,0,189,0,0,0.74117,0
2261,2261,Tr Mediterranean California Lower Montane Black Oak - Conifer Forest and Woodland,0,189,0,0,0.74117,0
2262,2262,Tr East Cascades Oak Forest and Woodland,214,255,181,0.83921,1,0.7098
2263,2263,Tr East Cascades Oak - Ponderosa Pine Forest and Woodland,214,255,181,0.83921,1,0.7098
2264,2264,Tr California Lower Montane Blue Oak Forest and Woodland,121,217,207,0.47451,0.85098,0.81176
2265,2265,Tr California Lower Montane Blue Oak-Foothill Pine Forest and Woodland,121,217,207,0.47451,0.85098,0.81176
2266,2266,Tr Oregon White Oak Woodland,0,130,0,0,0.5098,0
2267,2267,Tr Douglas-fir - Oregon White Oak Woodland,0,130,0,0,0.5098,0
2270,2270,Sh California Ruderal Grassland Meadow & Scrub,255,105,46,1,0,0
2271,2271,Tr Californian Ruderal Forest,255,59,20,1,0,0
2272,2272,He Great Basin & Intermountain Introduced Annual and Biennial Forbland,255,105,46,1,0.41176,0.18039
2273,2273,He Great Basin & Intermountain Introduced Annual Grassland,255,105,46,1,0.41176,0.18039
2274,2274,He Great Basin & Intermountain Introduced Perennial Grassland and Forbland,255,105,46,1,0.41176,0.18039
2275,2275,Sh North American Warm Desert Ruderal & Planted Scrub & Grassland,255,105,46,1,0.41176,0.18039
2276,2276,Sh North Pacific Maritime Coastal Sand Dune Ruderal Scrub & Herb Vegetation,255,105,46,1,0,0
2277,2277,Sh Southern Vancouverian Lowland Ruderal Grassland & Shrubland,255,105,46,1,0,0
2278,2278,Tr Interior West Ruderal Riparian Forest & Scrub,255,105,46,1,0.41176,0.18039
2279,2279,Sh Interior Western North American Temperate Ruderal Grassland & Shrubland,255,105,46,1,0.41176,0.18039
2280,2280,Sh Western North American Ruderal Wet Shrubland Meadow & Marsh,255,105,46,1,0.41176,0.18039
2282,2282,Sh Great Basin & Intermountain Ruderal Shrubland,255,105,46,1,0.41176,0.18039
2301,2301,Tr Boreal Aspen-Birch Forest,192,255,138,0.75294,1,0.54117
2302,2302,Tr Laurentian-Acadian Northern Hardwoods Forest,171,255,138,0.67058,1,0.54117
2303,2303,Tr Northeastern Interior Dry-Mesic Oak Forest,85,187,194,0.33333,0.73333,0.76078
2304,2304,Tr Ozark-Ouachita Dry-Mesic Oak Forest,85,187,194,0.33333,0.73333,0.76078
2305,2305,Tr Southern Interior Low Plateau Dry-Mesic Oak Forest,13,69,133,0.05098,0.27058,0.52156
2306,2306,Tr East Gulf Coastal Plain Northern Loess Plain Oak-Hickory Upland,85,187,194,0.33333,0.73333,0.76078
2307,2307,Tr East Gulf Coastal Plain Northern Dry Upland Hardwood Forest,85,187,194,0.33333,0.73333,0.76078
2308,2308,Tr Crosstimbers Oak Forest and Woodland,85,187,194,0.33333,0.73333,0.76078
2309,2309,Tr Southern Appalachian Northern Hardwood Forest,216,216,191,0.84705,0.84705,0.74902
2310,2310,Tr North-Central Interior Dry-Mesic Oak Forest and Woodland,85,187,194,0.33333,0.73333,0.76078
2311,2311,Tr North-Central Interior Dry Oak Forest and Woodland,85,187,194,0.33333,0.73333,0.76078
2312,2312,Tr Ouachita Montane Oak Forest,85,187,194,0.33333,0.73333,0.76078
2313,2313,Tr North-Central Interior Beech-Maple Forest,0,92,0,0,0.36078,0
2314,2314,Tr North-Central Interior Maple-Basswood Forest,171,255,138,0.67058,1,0.54117
2315,2315,Tr Southern Appalachian Oak Forest,13,69,133,0.05098,0.27058,0.52156
2316,2316,Tr Southern Piedmont Mesic Forest,85,187,194,0.33333,0.73333,0.76078
2317,2317,Tr Allegheny-Cumberland Dry Oak Forest and Woodland,13,69,133,0.05098,0.27058,0.52156
2318,2318,Tr Southern and Central Appalachian Cove Forest,18,76,135,0.07058,0.29803,0.52941
2319,2319,Tr Atlantic Coastal Plain Northern Bog,133,39,8,0.5216,0.1529,0.0314
2320,2320,Tr Central and Southern Appalachian Montane Oak Forest,85,187,194,0.33333,0.73333,0.76078
2321,2321,Tr South-Central Interior Mesophytic Forest,0,38,115,0,0.14902,0.45098
2322,2322,Tr Crowley's Ridge Mesic Loess Slope Forest,85,187,194,0.33333,0.73333,0.76078
2323,2323,Tr West Gulf Coastal Plain Mesic Hardwood Forest,145,255,115,0.56862,1,0.45098
2324,2324,Tr Northern Atlantic Coastal Plain Hardwood Forest,85,187,194,0.33333,0.73333,0.76078
2325,2325,Tr East Gulf Coastal Plain Northern Mesic Hardwood Slope Forest,159,255,128,0.62352,1,0.50196
2326,2326,Tr South-Central Interior/Upper Coastal Plain Flatwoods,85,187,194,0.33333,0.73333,0.76078
2327,2327,Tr East Gulf Coastal Plain Northern Loess Bluff Forest,85,187,194,0.33333,0.73333,0.76078
2328,2328,Tr Southern Coastal Plain Limestone Forest,100,204,206,0.39215,0.8,0.80784
2329,2329,Tr East Gulf Coastal Plain Southern Loess Bluff Forest,100,204,206,0.39215,0.8,0.80784
2330,2330,Tr Southern Coastal Plain Dry Upland Hardwood Forest,145,255,115,0.56862,1,0.45098
2331,2331,Tr Eastern Great Plains Tallgrass Aspen Parkland,192,255,138,0.75294,1,0.54117
2333,2333,Tr South Florida Hardwood Hammock,60,113,126,0.23529,0.44313,0.49411
2334,2334,Tr Ozark-Ouachita Mesic Hardwood Forest,85,187,194,0.33333,0.73333,0.76078
2335,2335,Tr Southern Atlantic Coastal Plain Dry and Dry-Mesic Oak Forest,145,255,115,0.56862,1,0.45098
2336,2336,Tr Southwest Florida Coastal Strand and Maritime Hammock,60,113,126,0.23529,0.44313,0.49411
2337,2337,Tr Southeast Florida Coastal Strand and Maritime Hammock,60,113,126,0.23529,0.44313,0.49411
2338,2338,Tr Central and South Texas Coastal Fringe Forest and Woodland,145,255,115,0.56862,1,0.45098
2339,2339,Tr West Gulf Coastal Plain Chenier and Upper Texas Coastal Fringe Forest and Woodland,145,255,115,0.56862,1,0.45098
2340,2340,Tr Appalachian Shale Barrens,82,52,34,0.32156,0.20392,0.13333
2341,2341,Tr Northwestern Great Plains Canyon,0,0,0,0,0,0
2342,2342,Tr Piedmont Hardpan Woodland and Forest,85,187,194,0.33333,0.73333,0.76078
2343,2343,Tr Southern Atlantic Coastal Plain Mesic Hardwood Forest,145,255,115,0.56862,1,0.45098
2344,2344,Tr Boreal Jack Pine-Black Spruce Forest,174,245,224,0.68235,0.96078,0.87843
2346,2346,Tr Atlantic Coastal Plain Fall-line Sandhills Longleaf Pine Woodland,116,214,204,0.4549,0.83921,0.8
2347,2347,Tr Atlantic Coastal Plain Upland Longleaf Pine Woodland,116,214,204,0.4549,0.83921,0.8
2348,2348,Tr West Gulf Coastal Plain Upland Longleaf Pine Forest and Woodland,116,214,204,0.4549,0.83921,0.8
2349,2349,Tr East Gulf Coastal Plain Interior Upland Longleaf Pine Woodland,116,214,204,0.4549,0.83921,0.8
2350,2350,Tr Central and Southern Appalachian Spruce-Fir Forest,159,255,128,0.62352,1,0.50196
2351,2351,Tr Southeastern Interior Longleaf Pine Woodland,116,214,204,0.4549,0.83921,0.8
2352,2352,Tr Southern Appalachian Montane Pine Forest and Woodland,13,69,133,0.05098,0.27058,0.52156
2353,2353,Tr Southern Appalachian Low-Elevation Pine Forest,10,61,128,0.03921,0.23921,0.50196
2354,2354,Tr Northeastern Interior Pine Barrens,116,214,204,0.4549,0.83921,0.8
2355,2355,Tr Northern Atlantic Coastal Plain Pitch Pine Barrens,116,214,204,0.4549,0.83921,0.8
2356,2356,Tr Florida Longleaf Pine Sandhill,116,214,204,0.4549,0.83921,0.8
2357,2357,Tr Southern Coastal Plain Mesic Slope Forest,145,255,115,0.56862,1,0.45098
2358,2358,Tr East-Central Texas Plains Pine Forest and Woodland,85,187,194,0.33333,0.73333,0.76078
2359,2359,Tr Northeastern Interior Calcareous Oak Forest,85,187,194,0.3333,0.73333,0.70784
2360,2360,Tr South Florida Pine Rockland,13,69,133,0.05098,0.27058,0.52156
2361,2361,Tr Central Atlantic Coastal Plain Maritime Forest,107,209,206,0.4196,0.8196,0.80784
2362,2362,Tr Laurentian-Acadian Northern Pine Forest,174,245,224,0.68235,0.96078,0.87843
2363,2363,Tr Central Interior Highlands Dry Acidic Glade and Barrens,255,153,0,1,0.6,0
2364,2364,Tr Ozark-Ouachita Dry Oak Woodland,85,187,194,0.33333,0.73333,0.76078
2365,2365,Tr Boreal White Spruce-Fir Forest,182,250,227,0.71372,0.98039,0.89019
2366,2366,Tr Laurentian-Acadian Pine-Hemlock Forest,0,92,0,0,0.36078,0
2367,2367,Tr Ozark-Ouachita Shortleaf Pine Forest and Woodland,116,214,190,0.4549,0.83921,0.74509
2368,2368,Tr Southern Piedmont Dry Pine Forest,159,255,128,0.62352,1,0.50196
2369,2369,Tr Central Appalachian Dry Pine Forest,13,69,133,0.05098,0.27058,0.52156
2370,2370,Tr Appalachian Hemlock Forest,0,38,115,0,0.14902,0.45098
2371,2371,Tr West Gulf Coastal Plain Pine Forest,145,255,115,0.56862,1,0.45098
2372,2372,Tr East Gulf Coastal Plain Interior Shortleaf Pine Forest,116,214,190,0.4549,0.83921,0.74509
2373,2373,Tr Acadian Low-Elevation Spruce-Fir Forest,186,54,14,0.72941,0.21176,0.0549
2374,2374,Tr Acadian-Appalachian Montane Spruce-Fir Forest,186,54,14,0.72941,0.21176,0.0549
2375,2375,Tr Eastern Serpentine Woodland,0,38,115,0,0.14902,0.45098
2376,2376,Tr Southern Ridge and Valley/Cumberland Dry Calcareous Forest,85,187,194,0.33333,0.73333,0.76078
2377,2377,Tr Central Appalachian Rocky Pine Woodland,13,69,133,0.05098,0.27058,0.52156
2378,2378,Tr West Gulf Coastal Plain Sandhill Shortleaf Pine Forest and Woodland,116,214,190,0.4549,0.83921,0.74509
2379,2379,Tr Northern Atlantic Coastal Plain Maritime Forest,145,255,115,0.56862,1,0.45098
2380,2380,Tr East Gulf Coastal Plain Maritime Forest,107,209,206,0.4196,0.8196,0.80784
2381,2381,Tr Lower Mississippi River Dune Woodland and Forest,85,187,194,0.33333,0.73333,0.76078
2382,2382,Tr Southern Atlantic Coastal Plain Maritime Forest,107,209,206,0.4196,0.8196,0.80784
2383,2383,Tr Edwards Plateau Limestone Savanna and Woodland,34,109,153,0.13333,0.42745,0.6
2384,2384,Tr Mississippi Delta Maritime Forest,145,255,115,0.56862,1,0.45098
2385,2385,Tr Western Great Plains Wooded Draw and Ravine,128,97,69,0.50196,0.38039,0.27058
2386,2386,Sh Acadian-Appalachian Alpine Tundra,82,52,34,0.32156,0.20392,0.13333
2387,2387,Tr Florida Peninsula Inland Scrub,145,255,115,0.56862,1,0.45098
2389,2389,Tr Acadian-Appalachian Subalpine Woodland and Heath-Krummholz,82,52,34,0.32156,0.20392,0.13333
2390,2390,Sh Tamaulipan Mixed Deciduous Thornscrub,82,52,34,0.32156,0.20392,0.13333
2391,2391,Tr Tamaulipan Mesquite Upland Scrub,82,52,34,0.32156,0.20392,0.13333
2392,2392,Sh Tamaulipan Calcareous Thornscrub,82,52,34,0.32156,0.20392,0.13333
2393,2393,Sh Edwards Plateau Limestone Shrubland,34,109,153,0.13333,0.42745,0.6
2394,2394,Tr North-Central Interior Oak Savanna,6,53,122,0.02352,0.20784,0.47843
2395,2395,Tr North-Central Oak Barrens,44,127,163,0.17254,0.49803,0.63921
2396,2396,Tr Tamaulipan Closed Depression Wetland,91,195,199,0.356863,0.764706,0.780392
2397,2397,Tr Nashville Basin Limestone Glade and Woodland,82,52,34,0.32156,0.20392,0.13333
2398,2398,Tr Cumberland Sandstone Glade and Barrens,82,52,34,0.32156,0.20392,0.13333
2399,2399,Tr Southern Piedmont Glade and Barrens,0,38,115,0,0.14902,0.45098
2400,2400,Tr Central Appalachian Alkaline Glade and Woodland,82,52,34,0.32156,0.20392,0.13333
2401,2401,Tr Central Interior Highlands Calcareous Glade and Barrens,255,153,0,1,0.6,0
2402,2402,Sh Llano Estacado Caprock Escarpment and Breaks Shrubland and Steppe,0,0,0,0,0,0
2403,2403,Tr West Gulf Coastal Plain Catahoula Barrens,116,214,204,0.4549,0.83921,0.8
2405,2405,Tr West Gulf Coastal Plain Nepheline Syenite Glade,255,153,0,1,0.6,0
2406,2406,Tr Southern Piedmont Dry Oak Forest,159,255,128,0.62352,1,0.50196
2407,2407,Tr Laurentian Pine Barrens,174,245,224,0.68235,0.96078,0.87843
2408,2408,Tr Alabama Ketona Glade and Woodland,82,52,34,0.32156,0.20392,0.13333
2409,2409,He Great Lakes Alvar,216,216,191,0.847059,0.847059,0.74902
2410,2410,Tr Llano Uplift Acidic Forest Woodland and Glade,34,109,153,0.13333,0.42745,0.6
2411,2411,He Great Lakes Wet-Mesic Lakeplain Prairie,255,92,38,1,0.36078,0.14902
2412,2412,He North-Central Interior Sand and Gravel Tallgrass Prairie,255,137,64,1,0.53725,0.25098
2413,2413,Tr Bluegrass Savanna and Woodland,82,52,34,0.321569,0.203922,0.133333
2414,2414,Sh Southern Appalachian Grass and Shrub Bald,82,52,34,0.32156,0.20392,0.13333
2415,2415,Tr Arkansas Valley Prairie and Woodland,255,153,0,1,0.6,0
2416,2416,He Western Highland Rim Prairie and Barrens,82,52,34,0.32156,0.20392,0.13333
2417,2417,He Eastern Highland Rim Prairie and Barrens,82,52,34,0.32156,0.20392,0.13333
2418,2418,He Pennyroyal Karst Plain Prairie and Barrens,82,52,34,0.32156,0.20392,0.13333
2419,2419,He Southern Ridge and Valley Patch Prairie,82,52,34,0.32156,0.20392,0.13333
2420,2420,He Northern Tallgrass Prairie,255,137,64,1,0.53725,0.25098
2421,2421,He Central Tallgrass Prairie,255,137,64,1,0.53725,0.25098
2422,2422,He Texas Blackland Tallgrass Prairie,255,148,71,1,0.58039,0.27843
2423,2423,He Southeastern Great Plains Tallgrass Prairie,255,137,64,1,0.53725,0.25098
2424,2424,He East-Central Texas Plains Xeric Sandyland,255,153,0,1,0.6,0
2425,2425,Sh Florida Dry Prairie,116,214,204,0.4549,0.83921,0.8
2426,2426,He Southern Atlantic Coastal Plain Dune and Maritime Grassland,255,153,0,1,0.6,0
2428,2428,He West Gulf Coastal Plain Northern Calcareous Prairie,255,148,71,1,0.58039,0.27843
2429,2429,He West Gulf Coastal Plain Southern Calcareous Prairie,255,148,71,1,0.58039,0.27843
2430,2430,Tr Southern Coastal Plain Blackland Prairie and Woodland,0,38,115,0,0.14902,0.45098
2431,2431,He Southwest Florida Dune and Coastal Grassland,255,153,0,1,0.6,0
2433,2433,Tr East Gulf Coastal Plain Jackson Prairie and Woodland,255,148,71,1,0.58039,0.27843
2434,2434,He Texas-Louisiana Coastal Prairie,255,137,64,1,0.53725,0.25098
2435,2435,He East Gulf Coastal Plain Dune and Coastal Grassland,255,153,0,1,0.6,0
2436,2436,Sh Northern Atlantic Coastal Plain Dune and Swale,255,98,41,1,0.38431,0.16078
2437,2437,He Central and Upper Texas Coast Dune and Coastal Grassland,255,153,0,1,0.6,0
2438,2438,He Tamaulipan Savanna Grassland,82,52,34,0.32156,0.20392,0.13333
2439,2439,Sh Tamaulipan Lomas,255,171,87,1,0.67058,0.34117
2440,2440,He Tamaulipan Clay Grassland,255,153,0,1,0.6,0
2441,2441,Sh Tamaulipan Saline Thornscrub,82,52,34,0.32156,0.20392,0.13333
2442,2442,He South Texas Sand Sheet Grassland,255,121,54,1,0.47451,0.21176
2443,2443,He South Texas Dune and Coastal Grassland,255,153,0,1,0.6,0
2444,2444,Tr Eastern Boreal Floodplain,174,245,224,0.68235,0.96078,0.87843
2445,2445,Tr South Florida Dwarf Cypress Savanna,91,195,199,0.35686,0.7647,0.78039
2446,2446,Tr South Florida Pine Flatwoods,116,214,204,0.4549,0.83921,0.8
2447,2447,Tr South Florida Cypress Dome,91,195,199,0.35686,0.7647,0.78039
2448,2448,Tr Southern Piedmont Dry Oak-Pine Forest,159,255,128,0.62352,1,0.50196
2449,2449,Tr Central Atlantic Coastal Plain Wet Longleaf Pine Savanna and Flatwoods,116,214,204,0.4549,0.83921,0.8
2450,2450,Tr Southern Atlantic Coastal Plain Wet Pine Savanna and Flatwoods,116,214,204,0.4549,0.83921,0.8
2451,2451,Tr West Gulf Coastal Plain Wet Longleaf Pine Savanna and Flatwoods,116,214,204,0.4549,0.83921,0.8
2452,2452,Tr Atlantic Coastal Plain Peatland Pocosin and Canebrake,91,195,199,0.35686,0.7647,0.78039
2453,2453,Tr Central Florida Pine Flatwoods,116,214,204,0.4549,0.83921,0.8
2454,2454,Tr East Gulf Coastal Plain Near-Coast Pine Flatwoods,116,214,204,0.4549,0.83921,0.8
2455,2455,Tr East Gulf Coastal Plain Southern Loblolly Flatwoods,100,204,206,0.39215,0.8,0.80784
2456,2456,Tr Northern Atlantic Coastal Plain Pitch Pine Lowland,116,214,204,0.4549,0.83921,0.8
2457,2457,Tr South-Central Interior/Upper Coastal Plain Wet Flatwoods,145,255,115,0.56862,1,0.45098
2458,2458,Tr West Gulf Coastal Plain Pine Flatwoods,145,255,115,0.56862,1,0.45098
2459,2459,Tr Atlantic Coastal Plain Clay-Based Carolina Bay Wetland,91,195,199,0.35686,0.7647,0.78039
2460,2460,Tr Southern Coastal Plain Nonriverine Cypress Dome,91,195,199,0.35686,0.7647,0.78039
2461,2461,Tr Southern Coastal Plain Seepage Swamp and Baygall,216,216,191,0.84705,0.84705,0.74902
2462,2462,Tr West Gulf Coastal Plain Seepage Swamp and Baygall,216,216,191,0.84705,0.84705,0.74902
2463,2463,Tr Central Appalachian Dry Oak Forest,13,69,133,0.05098,0.27058,0.52156
2464,2464,Tr Acadian Near-Boreal Spruce Barrens,186,163,119,0.72941,0.63921,0.46666
2465,2465,Tr Acadian Sub-Boreal Spruce Flat,186,54,14,0.7294,0.2118,0.0549
2466,2466,Tr Great Lakes Wooded Dune and Swale,174,245,224,0.68235,0.96078,0.87843
2467,2467,Tr Tamaulipan Floodplain Forest,6,53,122,0.02352,0.20784,0.47843
2468,2468,Tr Atlantic Coastal Plain Streamhead Seepage Swamp-Pocosin-Baygall,216,216,191,0.84705,0.84705,0.74902
2469,2469,Tr Eastern Great Plains Floodplain Systems,6,53,122,0.02352,0.20784,0.47843
2470,2470,Tr Caribbean Coastal Wetland Systems,91,195,199,0.35686,0.7647,0.78039
2471,2471,Tr Central Interior and Appalachian Floodplain Systems,0,92,0,0,0.36078,0
2472,2472,Tr Central Interior and Appalachian Riparian Systems,0,92,0,0,0.36078,0
2473,2473,Tr Gulf and Atlantic Coastal Plain Floodplain Systems,145,255,115,0.56862,1,0.45098
2474,2474,Tr Gulf and Atlantic Coastal Plain Small Stream Riparian Systems,145,255,115,0.56862,1,0.45098
2475,2475,Tr Laurentian-Acadian Floodplain Systems,50,137,168,0.19607,0.53725,0.65882
2476,2476,Tr Tamaulipan Riparian Systems,6,53,122,0.02352,0.20784,0.47843
2477,2477,Tr Boreal Acidic Peatland Systems,186,163,119,0.72941,0.63921,0.46666
2478,2478,Tr Caribbean Swamp System,91,195,199,0.35686,0.7647,0.78039
2479,2479,Tr Central Interior and Appalachian Swamp Systems,0,92,0,0,0.36078,0
2480,2480,Tr Gulf and Atlantic Coastal Plain Swamp Systems,216,216,191,0.84705,0.84705,0.74902
2481,2481,Tr Laurentian-Acadian Alkaline Conifer-Hardwood Swamp,50,137,168,0.19607,0.53725,0.65882
2482,2482,He Great Plains Prairie Pothole,91,195,199,0.35686,0.7647,0.78039
2483,2483,Tr South Florida Everglades Sawgrass Marsh,255,153,0,1,0.6,0
2484,2484,He South Florida Wet Marl Prairie,255,153,0,1,0.6,0
2485,2485,Tr East Gulf Coastal Plain Savanna and Wet Prairie,255,153,0,1,0.6,0
2486,2486,He Texas Saline Coastal Prairie,255,153,0,1,0.6,0
2487,2487,He Texas-Louisiana Coastal Prairie Pondshore,255,137,64,1,0.537255,0.25098
2488,2488,He Eastern Great Plains Wet Meadow-Prairie-Marsh,91,195,199,0.35686,0.7647,0.78039
2489,2489,Tr Floridian Highlands Freshwater Marsh,255,153,0,1,0.6,0
2490,2490,Sh Gulf and Atlantic Coastal Plain Tidal Marsh Systems,255,153,0,1,0.6,0
2491,2491,He Acadian Salt Marsh and Estuary Systems,255,92,38,1,0.36078,0.14902
2492,2492,He Great Lakes Coastal Marsh Systems,255,92,38,1,0.360784,0.14902
2493,2493,Sh Central Interior and Appalachian Shrub-Herbaceous Wetland Systems,91,195,199,0.35686,0.7647,0.78039
2494,2494,Sh Laurentian-Acadian Shrub-Herbaceous Wetland Systems,255,92,38,1,0.360784,0.14902
2495,2495,He Western Great Plains Depressional Wetland Systems,255,137,64,1,0.53725,0.25098
2496,2496,Sps Caribbean Coastal Beach Systems,100,100,100,0,0,0
2497,2497,Sps Central Interior and Appalachian Sparsely Vegetated Systems,100,100,100,0.39215,0.39215,0.39215
2498,2498,Sps Gulf and Atlantic Coastal Plain Sparsely Vegetated Systems,100,100,100,0.39215,0.39215,0.39215
2499,2499,Sps Laurentian-Acadian Sparsely Vegetated Systems,100,100,100,0.39215,0.39215,0.39215
2501,2501,Tr Southern Atlantic Coastal Plain Nonriverine Swamp and Wet Hardwood Forest,216,216,191,0.84705,0.84705,0.74902
2502,2502,Tr Central Appalachian Dry Oak-Pine Forest,13,69,133,0.05098,0.27058,0.52156
2503,2503,He Chihuahuan Loamy Plains Desert Grassland,255,204,51,1,0.8,0.2
2504,2504,He Chihuahuan-Sonoran Desert Bottomland and Swale Grassland,255,204,51,1,0.8,0.2
2505,2505,Tr Ouachita Novaculite Glade and Woodland,85,187,194,0.33333,0.73333,0.76078
2506,2506,Tr West Gulf Coastal Plain Nonriverine Wet Hardwood Flatwoods,145,255,115,0.56862,1,0.45098
2507,2507,Tr Ozark-Ouachita Shortleaf Pine-Bluestem Woodland,116,214,190,0.4549,0.83921,0.74509
2509,2509,Tr Mississippi River Alluvial Plain Dry-Mesic Loess Slope Forest,85,187,194,0.33333,0.73333,0.76078
2510,2510,Tr Crowley's Ridge Sand Forest,116,214,190,0.4549,0.83921,0.74509
2511,2511,Tr Appalachian Northern Hardwood Forest,0,38,115,0,0.14902,0.45098
2512,2512,Tr Appalachian Hemlock-Northern Hardwood Forest,0,38,115,0,0.14902,0.45098
2513,2513,Tr Lower Mississippi River Flatwoods,145,255,115,0.56862,1,0.45098
2514,2514,He Central Florida Herbaceous Pondshore,255,153,0,1,0.6,0
2515,2515,He Southern Coastal Plain Herbaceous Seep and Bog,255,153,0,1,0.6,0
2516,2516,He Atlantic Coastal Plain Sandhill Seep,255,153,0,1,0.6,0
2517,2517,Tr Paleozoic Plateau Bluff and Talus,85,187,194,0.33333,0.73333,0.76078
2518,2518,Tr North-Central Interior Wet Flatwoods,145,255,115,0.56862,1,0.45098
2519,2519,Tr East-Central Texas Plains Post Oak Savanna and Woodland,85,187,194,0.33333,0.73333,0.76078
2522,2522,Sh Northern Atlantic Coastal Plain Heathland,240,165,46,0.94117,0.64705,0.18039
2523,2523,Tr Edwards Plateau Dry-Mesic Slope Forest and Woodland,34,109,153,0.13333,0.42745,0.6
2524,2524,Tr Edwards Plateau Mesic Canyon,34,109,153,0.13333,0.42745,0.6
2525,2525,Tr Edwards Plateau Riparian,6,53,122,0.02352,0.20784,0.47843
2526,2526,Tr Laurentian-Acadian Swamp Systems,186,54,14,0.72941,0.21176,0.0549
2527,2527,Tr East Gulf Coastal Plain Interior Oak Forest,116,214,190,0.4549,0.83921,0.74509
2529,2529,Tr Edwards Plateau Floodplain Terrace,0,6,53,122,0.02352,0.20784
2531,2531,Tr Ruderal Upland Vegetation,255,59,20,1,0.23137,0.07843
2532,2532,Tr Ruderal Forest-Northern and Central Hardwood and Conifer,255,59,20,1,0.23137,0.07843
2533,2533,Tr Ruderal Forest-Southeast Hardwood and Conifer,255,59,20,1,0.23137,0.07843
2534,2534,Tr Managed Tree Plantation-Northern and Central Hardwood and Conifer Plantation Group,158,67,14,0.6196,0.26274,0.0549
2535,2535,Tr Managed Tree Plantation-Southeast Conifer and Hardwood Plantation Group,158,67,14,0.6196,0.26274,0.0549
2536,2536,Tr Introduced Wetland Vegetation-Tree,0,132,168,0,0.51764,0.65882
2538,2538,He Introduced Wetland Vegetation-Herbaceous,0,132,168,0,0.51764,0.65882
2539,2539,Sh Modified/Managed Northern Tallgrass Grassland,255,204,0,1,0.8,0
2540,2540,Sh Modified/Managed Southern Tallgrass Grassland,255,204,0,1,0.8,0
2543,2543,Tr Laurentian-Acadian Calcareous Rocky Outcrop,216,216,191,0.84705,0.84705,0.74902
2544,2544,Tr Boreal Jack Pine-Black Spruce-Hardwood Forest,174,245,224,0.68235,0.96078,0.87843
2545,2545,Tr East Gulf Coastal Plain Near-Coast Pine Wet Flatwoods,116,214,204,0.4549,0.83921,0.8
2546,2546,Tr East Gulf Coastal Plain Interior Shortleaf Pine-Oak Forest,116,214,190,0.4549,0.83921,0.74509
2547,2547,Tr Central Florida Pine Wet Flatwoods,116,214,204,0.4549,0.83921,0.8
2548,2548,Tr South Florida Pine Wet Flatwoods,116,214,204,0.4549,0.83921,0.8
2549,2549,Tr Southeastern Coastal Plain Natural Lakeshore,91,195,199,0.35686,0.7647,0.78039
2550,2550,Tr Pinus taeda Forest Alliance,145,255,115,0.56862,1,0.45098
2551,2551,Tr Pinus elliottii Saturated Temperate Woodland Alliance,13,69,133,0.05098,0.27058,0.52156
2552,2552,Tr Pinus palustris-Pinus elliottii Forest Alliance,116,214,204,0.4549,0.83921,0.8
2553,2553,Tr Mixed Loblolly-Slash Pine,116,214,204,0.4549,0.83921,0.8
2554,2554,Tr Acadian Low-Elevation Hardwood Forest,186,54,14,0.72941,0.21176,0.0549
2555,2555,Tr Acadian Low-Elevation Spruce-Fir-Hardwood Forest,186,54,14,0.72941,0.21176,0.0549
2556,2556,Tr Central Appalachian Rocky Oak Woodland,13,69,133,0.05098,0.27058,0.52156
2557,2557,Tr Central Appalachian Rocky Pine-Oak Woodland,13,69,133,0.05098,0.27058,0.52156
2558,2558,Tr Northern Appalachian-Acadian Rocky Heath Outcrop,82,52,34,0.32157,0.20392,0.13333
2559,2559,Tr Laurentian Acidic Rocky Outcrop,0,0,0,0,0,0
2560,2560,Tr North-Central Interior Quartzite Glade,85,187,194,0.33333,0.73333,0.76078
2561,2561,Sh Great Plains Comanchian Ruderal Grassland & Shrubland,0,255,105,46,1,0.41176
2562,2562,Tr Northeastern North American Temperate Forest Plantation,158,67,14,0.6196,0.26274,0.0549
2564,2564,Tr Northern & Central Exotic Ruderal Forest,0,255,105,46,1,0.41176
2565,2565,Tr Northern & Central Native Ruderal Flooded & Swamp Forest,0,255,105,46,1,0.41176
2566,2566,Tr Northern & Central Native Ruderal Forest,0,255,105,46,1,0.41176
2567,2567,Sh Northern & Central Plains Ruderal & Planted Grassland & Shrubland,0,255,105,46,1,0.41176
2568,2568,Sh Northern & Central Ruderal Meadow & Shrubland,0,255,105,46,1,0.41176
2569,2569,He Northern & Central Ruderal Wet Meadow & Marsh,0,255,105,46,1,0.41176
2570,2570,Tr Southeastern Exotic Ruderal Flooded & Swamp Forest,0,0,132,168,0,0.51764
2571,2571,Tr Southeastern Exotic Ruderal Forest,0,255,105,46,1,0.41176
2572,2572,Tr Southeastern Native Ruderal Flooded & Swamp Forest,0,132,168,0,0.517647,0.658824
2573,2573,Tr Southeastern Native Ruderal Forest,0,255,105,46,1,0.41176
2574,2574,Tr Southeastern North American Temperate Forest Plantation,158,67,14,0.619608,0.262745,0.054902
2575,2575,Sh Southeastern Ruderal Grassland & Shrubland,0,255,105,46,1,0.41176
2576,2576,He Southeastern Ruderal Wet Meadow & Marsh,255,105,46,1,0.411765,0.180392
2577,2577,Tr Southern and Central Appalachian Mafic Glade and Barrens,0,38,115,0,0.14902,0.45098
2578,2578,Tr Southern Ridge and Valley Calcareous Glade and Woodland,0,38,115,0,0.14902,0.45098
2580,2580,Tr Northern Atlantic Coastal Plain Calcareous Ravine,145,255,115,0.56862,1,0.45098
2581,2581,Tr Panhandle Florida Limestone Glade,116,214,204,0.4549,0.83921,0.8
2582,2582,Tr Ozark-Ouachita Oak Forest and Woodland,116,214,190,0.4549,0.83921,0.74509
2583,2583,Tr Ozark-Ouachita Shortleaf Pine-Oak Forest and Woodland,116,214,190,0.4549,0.83921,0.74509
2584,2584,Tr West Gulf Coastal Plain Hardwood Forest,145,255,115,0.56862,1,0.45098
2585,2585,Tr West Gulf Coastal Plain Pine-Hardwood Forest,145,255,115,0.56862,1,0.45098
2586,2586,Tr West Gulf Coastal Plain Sandhill Oak Forest and Woodland,116,214,190,0.4549,0.83921,0.74509
2587,2587,Tr West Gulf Coastal Plain Sandhill Oak and Shortleaf Pine Forest and Woodland,116,214,190,0.4549,0.83921,0.74509
2588,2588,Tr East Gulf Coastal Plain Southern Hardwood Flatwoods,100,204,206,0.39215,0.8,0.80784
2589,2589,Tr East Gulf Coastal Plain Southern Loblolly-Hardwood Flatwoods,100,204,206,0.39215,0.8,0.80784
2590,2590,Tr West Gulf Coastal Plain Hardwood Flatwoods,145,255,115,0.56862,1,0.45098
2591,2591,Tr West Gulf Coastal Plain Pine-Hardwood Flatwoods,145,255,115,0.56862,1,0.45098
2592,2592,He West Gulf Coastal Plain Flatwoods Pond,255,153,0,1,0.6,0
2593,2593,He East Gulf Coastal Plain Depression Pondshore,255,153,0,1,0.6,0
2594,2594,He Southeastern Coastal Plain Interdunal Wetland,255,153,0,1,0.6,0
2595,2595,Tr Southern Coastal Plain Oak Dome and Hammock,145,255,115,0.56862,1,0.45098
2596,2596,He Florida River Floodplain Marsh,255,153,0,1,0.6,0
2597,2597,He West Gulf Coastal Plain Herbaceous Seep and Bog,255,153,0,1,0.6,0
2598,2598,He Southern Atlantic Coastal Plain Depression Pondshore,255,153,0,1,0.6,0
2599,2599,He Central Florida Wet Prairie and Herbaceous Seep,255,153,0,1,0.6,0
2600,2600,Tr Western North American Boreal White Spruce Forest,182,250,227,0.71372,0.98039,0.89019
2601,2601,Tr Western North American Boreal Treeline White Spruce Woodland,182,250,227,0.71372,0.98039,0.89019
2602,2602,Tr Western North American Boreal Spruce-Lichen Woodland,182,250,227,0.71372,0.98039,0.89019
2603,2603,Tr Alaska Boreal White Spruce Forest,182,250,227,0.71372,0.98039,0.89019
2604,2604,Tr Western North American Boreal Mesic Black Spruce Forest,182,250,227,0.71372,0.98039,0.89019
2605,2605,Tr Western North American Boreal Mesic Birch-Aspen Forest,0,92,0,0,0,0
2606,2606,Sh Western North American Boreal Dry Aspen-Steppe Bluff,192,255,138,0.752941,1,0.541176
2607,2607,Tr Western North American Boreal Subalpine Balsam Poplar-Aspen Woodland,18,76,135,0.07058,0.29803,0.52941
2608,2608,Sh Alaska Sub-boreal Avalanche Slope Shrubland,146,237,224,0.57254,0.92941,0.87843
2609,2609,Sh Alaska Sub-boreal Mesic Subalpine Alder Shrubland,146,237,224,0.57254,0.92941,0.87843
2610,2610,Sh Western North American Boreal Mesic Scrub Birch-Willow Shrubland,73,175,188,0,1,1
2611,2611,He Western North American Sub-boreal Mesic Bluejoint Meadow,255,25,8,1,0.09803,0.03137
2612,2612,He Western North American Boreal Dry Grassland,255,114,48,1,0.44705,0.18823
2617,2617,Sh Western North American Boreal Shrub and Herbaceous Floodplain,255,153,0,1,1,0
2618,2618,Sh Western North American Boreal Shrub-Sedge Rich and Alkaline Fen,255,205,112,1,1,0
2621,2621,Tr Western North American Boreal Black Spruce Bog and Dwarf-Tree Peatland,79,36,26,0,0,0
2623,2623,Tr Western North American Boreal Black Spruce-Tamarack Fen,182,250,255,1,1,1
2624,2624,Sh Western North American Boreal Shrub Swamp,166,76,17,1,0,0
2626,2626,He Western North American Boreal Wet Meadow,255,205,112,1,1,0
2630,2630,Tr Western North American Boreal Wet Black Spruce-Tussock Woodland,182,250,255,1,1,1
2631,2631,Sh Western North American Boreal Alpine Dwarf-Shrub Summit,212,129,34,0.83137,0.50588,0.13333
2633,2633,He Western North American Boreal Alpine Mesic Herbaceous Meadow,255,211,119,1,1,0
2634,2634,Sh Western North American Boreal Alpine Dryas Dwarf-Shrubland,255,102,0,1,0.4,0
2635,2635,Sh Western North American Boreal Alpine Ericaceous Dwarf-Shrubland,212,129,34,0.83137,0.50588,0.13333
2636,2636,Sh Western North American Boreal Alpine Dwarf-Shrub-Lichen Shrubland,212,129,34,0.83137,0.50588,0.13333
2638,2638,Sh Alaska Arctic Mesic Alder Shrubland,146,237,224,1,1,1
2639,2639,Sh North American Arctic Mesic-Wet Low Willow Shrubland,73,175,188,0,1,1
2640,2640,Sh Aleutian Mesic-Wet Willow Shrubland,73,175,188,0,1,1
2641,2641,Tr Western North American Boreal Treeline White Spruce-Hardwood Woodland,159,255,128,1,1,0.501961
2642,2642,Tr Aleutian Kenai Birch-Cottonwood-Poplar Forest,0,92,0,0,0.36078,0
2643,2643,Sh Alaskan Pacific Maritime Alpine Dwarf-Shrubland,212,129,34,0.83137,0.50588,0.13333
2644,2644,Tr Alaskan Pacific Maritime Sitka Spruce Forest,0,117,0,0,0.45882,0
2645,2645,He Alaska Sub-boreal and Maritime Alpine Mesic Herbaceous Meadow,255,211,119,1,1,0
2646,2646,Tr Alaskan Pacific Maritime Western Hemlock Forest,4,45,117,0.01568,0.17647,0.45882
2648,2648,Tr Alaskan Pacific Maritime Mountain Hemlock Forest,0,92,0,0,0.36078,0
2649,2649,Tr Alaskan Pacific Maritime Subalpine Mountain Hemlock Woodland,0,92,0,0,0.36078,0
2650,2650,Tr Alaskan Pacific Maritime Periglacial Woodland and Shrubland,0,117,0,0,0.45882,0
2651,2651,He Aleutian Mesic Herbaceous Meadow,255,85,33,1,0,0
2652,2652,Sh Alaskan Pacific Maritime Subalpine Alder-Salmonberry Shrubland,146,237,224,0.57254,0.92941,0.87843
2653,2653,He Alaskan Pacific Maritime Mesic Herbaceous Meadow,255,85,33,1,0.33333,0.12941
2654,2654,Tr Alaskan Pacific Maritime Sitka Spruce Beach Ridge,0,117,0,0,0.45882,0
2662,2662,He Temperate Pacific Freshwater Emergent Marsh,255,153,0,1,1,0
2663,2663,Sh North Pacific Shrub Swamp,166,76,17,1,0,0
2665,2665,He Alaskan Pacific Maritime Coastal Meadow and Slough-Levee,255,0,0,1,0,0
2667,2667,Tr Alaska Sub-boreal White-Lutz Spruce-Hardwood Forest and Woodland,159,255,128,1,1,1
2668,2668,He Temperate Pacific Tidal Salt and Brackish Marsh,255,153,10,1,1,0
2671,2671,He Aleutian American Dunegrass Grassland,255,0,0,1,0,0
2672,2672,Sh Alaskan Pacific Maritime Subalpine Copperbush Shrubland,146,237,224,0.57254,0.92941,0.87843
2674,2674,Sps Alaskan Pacific Maritime Alpine Sparse Shrub and Fell-field,212,129,34,0.83137,0.50588,0.13333
2675,2675,Tr Western North American Boreal Treeline Hardwood-White Spruce Woodland,18,76,135,0,0.298039,0.529412
2676,2676,Sh Alaskan Pacific Maritime Alpine Floodplain,18,76,135,0,0.298039,0.529412
2676,2676,Sh Alaskan Pacific Maritime Alpine Floodplain,255,153,0,1,0.6,0
2677,2677,Tr Alaska Sub-boreal White-Lutz Spruce Forest and Woodland,182,250,227,1,1,1
2678,2678,Tr Alaska Sub-boreal Mountain Hemlock-White Spruce Forest,182,250,227,0.71372,0.98039,0.89019
2679,2679,Tr Alaska Sub-boreal White Spruce-Hardwood Forest,159,255,128,0.62352,1,0.50196
2680,2680,Sh Alaskan Pacific Maritime Avalanche Slope Shrubland,146,237,224,0.57254,0.92941,0.87843
2681,2681,Tr Alaskan Pacific Poorly Drained Conifer Woodland,79,36,26,0,0.141176,0.101961
2682,2682,Sh North American Arctic Scrub Birch-Ericaceous Shrubland,212,129,34,1,1,0
2683,2683,Sh North American Arctic Mesic Sedge-Willow Tundra,194,68,21,0.760784,0.266667,0.082353
2684,2684,Sh Alaska Arctic Mesic Sedge-Dryas Tundra,194,68,21,0.76078,0.26666,0.08235
2685,2685,Sps Alaska Arctic Acidic Sparse Tundra,255,102,0,1,0.4,0
2686,2686,Sps Alaska Arctic Non-Acidic Sparse Tundra,255,102,0,1,0.4,0
2687,2687,He North American Arctic Lichen Tundra,255,37,13,1,0,0
2688,2688,Sh Alaska Arctic Acidic Dryas Dwarf-Shrubland,255,102,0,1,0.4,0
2689,2689,Sh Alaska Arctic Non-Acidic Dryas Dwarf-Shrubland,255,102,0,1,0.4,0
2690,2690,Sh Alaska Arctic Dwarf-Shrubland,255,102,0,1,0.4,0
2691,2691,Sh Alaska Arctic Acidic Dwarf-Shrub Lichen Tundra,255,37,13,1,0.14509,0.05098
2692,2692,Sh Alaska Arctic Non-Acidic Dwarf-Shrub Lichen Tundra,255,37,13,1,0.14509,0.05098
2699,2699,He North American Arctic Mesic Herbaceous Meadow,255,85,33,1,0,0
2701,2701,Sh Alaska Arctic Coastal Sedge-Dwarf-Shrubland,255,205,112,1,1,0
2704,2704,Sh Alaska Arctic Permafrost Plateau Dwarf-Shrub Lichen Tundra,255,37,13,1,0,0
2709,2709,He Alaska Arctic Marine Beach and Beach Meadow,255,0,0,1,0,0
2710,2710,Sps Alaska Arctic Tidal Flat,255,153,10,1,1,0
2714,2714,Tr Alaska Arctic Large River Floodplain,18,76,135,0,0,1
2715,2715,Sh Alaska Arctic Floodplain,18,76,135,0,0,1
2718,2718,Sh Aleutian Mesic Alder-Salmonberry Shrubland,146,237,224,0.57254,0.92941,0.87843
2719,2719,Sh Aleutian Crowberry-Herbaceous Heath,79,36,26,0.3098,0.14117,0.10196
2720,2720,Sh Aleutian Mixed Dwarf-Shrub-Herbaceous Shrubland,212,129,34,0.83137,0.50588,0.13333
2721,2721,He Western North American Boreal Mesic Bluejoint-Forb Meadow,255,25,8,1,0,0
2725,2725,He Aleutian Marine Beach and Beach Meadow,255,0,0,1,0,0
2730,2730,Sps Aleutian Sparse Heath and Fell-Field,79,36,26,0.3098,0.14117,0.10196
2731,2731,Sh Aleutian Oval-leaf Blueberry Shrubland,73,175,188,0.28627,0.68627,0.73725
2736,2736,Sps Unconsolidated Shore,100,100,100,0,0.392157,0.392157
2737,2737,Sps North American Glacial Outwash,100,100,100,0,0,0
2740,2740,He Boreal Aquatic Beds,255,153,0,1,0.6,0
2741,2741,He Polar Tidal Marshes and Aquatic Beds,255,153,10,1,0.6,0.03921
2742,2742,"He Temperate Pacific Tidal Marshes, Aquatic Beds, and Intertidal Flats",255,153,10,1,0.6,0.03921
2743,2743,He Aleutian Herbaceous Wetlands,255,153,0,1,0.6,0
2744,2744,He Arctic Herbaceous Wetlands,255,153,0,1,0.6,0
2745,2745,He Boreal Herbaceous Wetlands,255,205,112,1,0.80392,0.43921
2746,2746,He Pacific Maritime Herbaceous Wetlands,255,153,0,1,0.6,0
2747,2747,Sh Arctic Sedge Meadows,255,205,112,1,0.80392,0.43921
2748,2748,Tr Western North American Boreal Mesic White Spruce Forest,182,250,227,1,1,1
2749,2749,He Pacific Maritime Coastal Meadows and Slough-Levee,255,0,0,1,0,0
2750,2750,Tr Alaska Sub-boreal White Spruce-Hardwood Forest,159,255,128,0.62352,1,0.50196
2751,2751,Tr Boreal Coniferous Woody Wetland,79,36,26,0.3098,0.14117,0.10196
2752,2752,Tr Pacific Maritime Coniferous Woody Wetland,79,36,26,0.3098,0.14117,0.10196
2753,2753,Tr Boreal Coniferous-Deciduous Woody Wetland,182,250,227,0.71372,0.98039,0.89019
2756,2756,Sh Arctic Dwarf Shrub Wetland,255,205,112,1,0.80392,0.43921
2757,2757,Sh Boreal Dwarf Shrub Wetland,150,58,12,0.58823,0.22745,0.04705
2758,2758,Sh Pacific Maritime Dwarf Shrub Wetland,150,58,12,0.58823,0.22745,0.04705
2761,2761,Tr Aleutian Floodplains,255,153,0,1,0.6,0
2762,2762,Sh Arctic Floodplains,18,76,135,0.07058,0.29803,0.52941
2763,2763,Tr Boreal Floodplains,18,76,135,0.07058,0.29803,0.52941
2764,2764,Tr Pacific Maritime Floodplains,18,76,135,0.07058,0.29803,0.52941
2771,2771,Sh Aleutian Peatlands,133,39,8,0.52156,0.15294,0.03137
2772,2772,Sh Arctic Peatlands,133,39,8,0.52156,0.15294,0.03137
2773,2773,Sh Boreal Peatlands,133,39,8,0.52156,0.15294,0.03137
2774,2774,Tr Pacific Maritime Peatlands,79,36,26,0.3098,0.14117,0.10196
2776,2776,Tr Boreal Riparian Stringer Forest and Shrubland,18,76,135,0.07058,0.29803,0.52941
2777,2777,Sh Boreal Shrub Swamp,166,76,17,0.65098,0.29803,0.06666
2778,2778,Sh Pacific Maritime Shrub Swamp,166,76,17,0.65098,0.29803,0.06666
2779,2779,Tr Alaska Boreal Hardwood Forest,159,255,128,0.62352,1,0.50196
2780,2780,Tr Alaska Boreal White Spruce-Hardwood Forest,159,255,128,0.62352,1,0.50196
2781,2781,Sh Arctic Sedge-Tussock-Lichen Tundra,255,49,18,1,0.19215,0.07058
2782,2782,He Boreal Tussock Tundra,255,73,28,1,0.28627,0.1098
2783,2783,Sh Arctic Tussock Tundra,255,73,28,1,0.28627,0.1098
2784,2784,Sh Arctic Shrub-Tussock Tundra,255,73,28,1,0.28627,0.1098
2785,2785,Sh Arctic Shrub Tundra,194,68,21,0.76078,0.26666,0.08235
2786,2786,Tr Boreal Shrub-Tussock Tundra and Woodland,182,250,227,0.71372,0.98039,0.89019
2787,2787,Tr Western North American Boreal Mesic Hardwood-White Spruce Forest,159,255,128,1,1,1
2788,2788,Tr Western North American Boreal Mesic White Spruce-Hardwood Forest,159,255,128,1,1,1
2789,2789,Tr Alaska Sub-boreal White Spruce-Hardwood Forest,159,255,128,0.62352,1,0.50196
2790,2790,Tr Alaska Sub-boreal Hardwood-White-Lutz Spruce Forest and Woodland,159,255,128,1,1,1
2791,2791,Sps Aleutian Sparsely Vegetated,100,100,100,0,0,0
2792,2792,Sps Arctic Sparsely Vegetated,100,100,100,0,0,0
2793,2793,Sps Boreal Sparsely Vegetated,100,100,100,0,0,0
2794,2794,Sps Pacific Maritime Sparsely Vegetated,100,100,100,0,0,0
2800,2800,Tr Hawai'i Floodplain Forest,255,105,46,1,0,0
2802,2802,Tr Hawai'i Riparian Forest and Shrubland,255,105,46,1,0,0
2804,2804,He Hawai'i Freshwater Marsh,255,153,0,1,1,0
2806,2806,He Hawai'i Bog,255,114,48,1,0.44705,0.18823
2807,2807,He Northern Polynesia Tidal Salt Marsh,255,153,10,1,1,0
2808,2808,Tr Hawai'i Lowland Rainforest,192,255,138,0.75294,1,0.54117
2809,2809,Tr Hawai'i Montane Cloud Forest,192,255,138,0.75294,1,0.54117
2810,2810,Tr Hawai'i Montane Rainforest,192,255,138,0.75294,1,0.54117
2811,2811,Sh Hawai'i Wet Cliff and Ridge Crest Shrubland,150,58,12,0.58823,0.22745,0.04705
2812,2812,Tr Hawai'i Mesic Coastal Forest,0,92,0,0,0,0
2813,2813,Tr Hawai'i Lowland Dry Forest,186,163,119,0.72941,0.63921,0.46666
2814,2814,Tr Hawai'i Lowland Mesic Forest,0,92,0,0,0.36078,0
2815,2815,Tr Hawai'i Montane-Subalpine Dry Forest and Woodland,186,163,119,0.72941,0.63921,0.46666
2816,2816,Tr Hawai'i Montane-Subalpine Mesic Forest,0,92,0,0,0.36078,0
2817,2817,Sh Hawai'i Lowland Dry Shrubland,156,128,92,0.61176,0.50196,0.36078
2818,2818,Sh Hawai'i Lowland Mesic Shrubland,150,58,12,0.58823,0.22745,0.04705
2819,2819,He Hawai'i Lowland Dry Grassland,251,121,54,0.98431,0.47451,0.21176
2820,2820,He Hawai'i Lowland Mesic Grassland,255,114,48,1,0.44705,0.18823
2821,2821,Sh Hawai'i Montane-Subalpine Dry Shrubland,156,128,92,0.61176,0.50196,0.36078
2822,2822,He Hawai'i Montane-Subalpine Dry Grassland,251,121,54,0.98431,0.47451,0.21176
2823,2823,He Hawai'i Montane-Subalpine Mesic Grassland,255,114,48,1,0.44705,0.18823
2824,2824,Sh Hawai'i Alpine Dwarf-Shrubland,150,58,12,0.58823,0.22745,0.04705
2825,2825,Sh Hawai'i Dry Cliff,156,128,92,0.61176,0.50196,0.36078
2826,2826,Sh Hawai'i Dry Coastal Strand Shrubland,150,58,12,0.588235,0.227451,0.047059
2827,2827,Sh Hawai'i Wet-Mesic Coastal Strand,150,58,12,0.58823,0.22745,0.04705
2828,2828,Sh Hawai'i Subalpine Mesic Shrubland,255,114,48,1,0.44705,0.18823
2829,2829,Sps Hawai'i Alpine Bedrock and Scree,100,100,100,0,0,0
2830,2830,Sh Hawai'i Dry Coastal Strand Sparse Vegetation,100,100,100,0,0,0
2831,2831,Sps Hawai'i Dry-Site Lava Flow,100,100,100,0,0,0
2833,2833,Tr Pacific Islands Limestone Forest,63,255,46,0.24705,1,0.18039
2834,2834,Tr Pacific Islands Littoral/Strand Vegetation,42,255,31,0.1647,1,0.12156
2835,2835,Tr Pacific Islands Lowland Forest,224,252,192,0.87843,0.98823,0.75294
2836,2836,Tr Hawai'i Islands Introduced Wetland Vegetation-Tree,255,105,46,1,0.41176,0.18039
2837,2837,Sh Hawai'i Introduced Wetland Vegetation-Shrub,255,105,46,1,0.41176,0.18039
2838,2838,He Hawai'i Introduced Wetland Vegetation-Herbaceous,255,105,46,1,0.41176,0.18039
2839,2839,Tr Pacific Islands Ravine Forest,0,237,0,0,0.92941,0
2840,2840,Tr Pacific Islands Savannah,0,222,0,0,0.87058,0
2841,2841,Tr Pacific Islands Scrub Forest/Shrub,0,204,0,0,0.8,0
2842,2842,Sh Pacific Islands Swamp/Marsh,67,162,181,0.26274,0.63529,0.7098
2843,2843,Tr Pacific Islands Upland Forest,0,189,0,0,0.74117,0
2844,2844,Tr Pacific Islands Palm Forest,121,255,94,0.47451,1,0.36862
2845,2845,Tr Hawai'i Introduced Dry Forest,255,105,46,1,0.41176,0.18039
2846,2846,Tr Hawai'i Introduced Wet-Mesic Forest,255,105,46,1,0.41176,0.18039
2847,2847,Sh Hawai'i Introduced Deciduous Shrubland,255,105,46,1,0.41176,0.18039
2848,2848,He Hawai'i Introduced Perennial Grassland,255,105,46,1,0.41176,0.18039
2849,2849,Sh Hawai'i Introduced Evergreen Shrubland,255,105,46,1,0.41176,0.18039
2850,2850,Tr Pacific Islands Introduced Forest,0,173,0,0,0.67843,0
2851,2851,Tr Pacific Islands Mangrove Forest,0,237,0,0,0.92941,0
2852,2852,Tr Hawai'i Introduced Coastal Wetland Vegetation - Tree,255,105,46,1,0.41176,0.18039
2853,2853,Sh Hawai'i Introduced Coastal Wetland Vegetation - Shrub,255,105,46,1,0.41176,0.18039
2854,2854,He Hawai'i Introduced Coastal Wetland Vegetation - Herbaceous,255,105,46,1,0.41176,0.18039
2855,2855,Tr Hawai'i Managed Tree Plantation,158,67,14,0.6196,0.26274,0.0549
2856,2856,Tr Pacific Islands Plantation Forest,158,67,14,0.6196,0.26274,0.0549
2857,2857,Tr Tropical Pacific Forest Plantation,158,67,14,0.6196,0.26274,0.0549
2858,2858,Tr Hawaiian Ruderal Mangrove,0,237,0,0,1,0
2859,2859,He Hawaiian Ruderal Coastal Salt Marsh,255,105,46,1,0,0
2860,2860,Bau Caribbean High-medium density urban,52,52,52,0.20392,0.20392,0.20392
2861,2861,Bau Caribbean Low-medium density urban,52,52,52,0.20392,0.20392,0.20392
2862,2862,Dab Caribbean Herbaceous agriculture - cultivated lands,255,235,153,1,0.92156,0.6
2863,2863,Dab Caribbean Active sun coffee and mixed woody agriculture,203,255,171,0.79607,1,0.67058
2864,2864,"Dab Caribbean Pasture, hay or inactive agriculture",255,210,119,1,0.82352,0.46666
2865,2865,"Dab Caribbean Pasture, hay or other grassy areas",255,210,119,1,0.82352,0.46666
2866,2866,Tr Caribbean Drought deciduous open woodland,131,222,110,0.51372,0.87058,0.43137
2867,2867,Tr Caribbean Drought deciduous dense woodland,121,217,207,0.47451,0.85098,0.81176
2868,2868,"Tr Caribbean Deciduous, evergreen coastal and mixed forest or shrubland with succulents",180,255,148,0.70588,1,0.58039
2869,2869,Tr Caribbean Semi-deciduous and drought deciduous forest on alluvium and non-carbonate substrates,191,255,233,0.74902,1,0.91372
2870,2870,Tr Caribbean Semi-deciduous and drought deciduous forest on karst (includes semi-evergreen forest),121,217,207,0.47451,0.85098,0.81176
2871,2871,"Tr Caribbean Drought deciduous, semi-deciduous and seasonal evergreen forest on serpentine",0,222,0,0,0.87058,0
2872,2872,Tr Caribbean Seasonal evergreen and semi-deciduous forest on karst,96,255,71,0.37647,1,0.27843
2873,2873,Tr Caribbean Seasonal evergreen and evergreen forest,0,51,0,0,0.2,0
2874,2874,Tr Caribbean Seasonal evergreen forest with coconut palm,180,255,148,0.70588,1,0.58039
2875,2875,Tr Caribbean Evergreen and seasonal evergreen forest on karst,174,245,224,0.68235,0.96078,0.87843
2876,2876,Tr Caribbean Evergreen forest on serpentine,0,92,0,0,0.36078,0
2877,2877,"Tr Caribbean Elfin, sierra palm, transitional and tall cloud forest",174,245,224,0.68235,0.96078,0.87843
2878,2878,Sh Caribbean Emergent wetlands including seasonnally flooded pasture,255,210,119,1,0.82352,0.46666
2879,2879,Sps Caribbean Salt or mud flats,100,100,100,0.39215,0.39215,0.39215
2880,2880,Tr Caribbean Mangrove,0,237,0,0,0.92941,0
2881,2881,Tr Caribbean Seasonally flooded savannahs and woodlands,156,128,92,0.61176,0.50196,0.36078
2882,2882,Tr Caribbean Pterocarpus swamp,255,235,153,1,0.92156,0.6
2883,2883,Sh Caribbean Tidally flooded evergreen dwarf-shrubland and forb vegetation,112,82,57,0.43921,0.32156,0.22352
2884,2884,Sh Caribbean & Mesoamerican Lowland Ruderal Grassland & Shrubland,145,255,115,0.56862,1,0.45098
2885,2885,Tr Caribbean Forest Plantation,0,222,0,0,0.87058,0
2886,2886,Tr Caribbean Lowland Ruderal Rainforest,0,222,0,0,0.87058,0
2887,2887,Tr Caribbean Montane Ruderal Forest,0,222,0,0,0.87058,0
2888,2888,Tr Caribbean Ruderal Dry Forest,0,222,0,0,0.87058,0
2889,2889,He Caribbean Ruderal Freshwater Wet Meadow & Marsh,112,82,57,0.43921,0.32156,0.22352
2890,2890,Tr Tropical Agroforestry Plantation,0,222,0,0,0.87058,0
2892,2892,Sh Polynesian Ruderal Scrub & Herb Coastal Strand,255,105,46,1,0.41176,0.18039
2893,2893,Sh Polynesian Ruderal Subalpine-Montane Shrubland & Grassland,255,105,46,1,0,0
2894,2894,Tr Hawaiian Montane Ruderal Forest & Woodland,255,105,46,1,0,0
2895,2895,Tr Hawaiian Ruderal Flooded & Swamp Forest,255,105,46,1,0,0
2896,2896,He Hawaiian Ruderal Freshwater Wet Meadow & Marsh,255,105,46,1,0,0
2897,2897,Tr Polynesian Ruderal Dry Woodland & Scrub,255,105,46,1,0.41176,0.18039
2898,2898,Tr Polynesian Ruderal Lowland Rainforest,255,105,46,1,0.41176,0.18039
2899,2899,Sh Polynesian Ruderal Lowland Shrubland Grassland & Savanna,255,105,46,1,0.41176,0.18039
2901,2901,Bau Developed-Open Space,52,52,52,0,0,0
2902,2902,Bau Developed-Low Intensity,255,122,143,1,0,1
2903,2903,Bau Developed-Medium Intensity,253,44,79,1,0,0
2904,2904,Bau Developed-High Intensity,173,0,28,1,0,0
2905,2905,Bau Developed-Roads,1,1,1,0,0,0
2913,2913,Dtd Urban Deciduous Forest,112,68,137,0.43921,0.26666,0.53725
2914,2914,Dtc Urban Evergreen Forest,170,102,205,0.66666,0.4,0.80392
2915,2915,Dtm Urban Mixed Deciduous-Evergreen Forest,194,158,215,0.76078,0.6196,0.84313
2916,2916,Dgr Urban Herbaceous,202,122,245,0.79215,0.47843,0.96078
2917,2917,Dsh Urban Shrubland,207,171,215,0.81176,0.67058,0.84313
2923,2923,Dtd Developed Ruderal Deciduous Forest,64,61,168,0.25098,0.23921,0.65882
2924,2924,Dtc Developed Ruderal Evergreen Forest,102,119,205,0.4,0.46666,0.80392
2925,2925,Dtm Developed Ruderal Deciduous-Evergreen Forest,68,79,137,0.26666,0.3098,0.53725
2926,2926,Dsh Developed Ruderal Shrubland,158,170,215,0.6196,0.66666,0.84313
2927,2927,Dgr Developed Ruderal Grassland,122,142,245,0.47843,0.55686,0.96078
2928,2928,Dtw Developed Ruderal Forested Wetland,68,79,137,0.26666,0.3098,0.53725
2929,2929,Dsw Developed Ruderal Shrub Wetland,158,170,215,0.6196,0.66666,0.84313
2930,2930,Dhw Developed Ruderal Herbaceous Wetland,122,142,245,0.47843,0.55686,0.96078
2933,2933,Dtd Undeveloped Ruderal Deciduous Forest,255,190,232,1,0.74509,0.9098
2934,2934,Dtc Undeveloped Ruderal Evergreen Forest,255,0,197,1,0,0.77254
2935,2935,Dtm Undeveloped Ruderal Deciduous-Evergreen Forest,255,115,223,1,0.45098,0.87451
2936,2936,Dsh Undeveloped Ruderal Shrubland,168,0,132,0.65882,0,0.51764
2937,2937,Dgr Undeveloped Ruderal Grassland,230,0,169,0.90196,0,0.66274
2943,2943,Dtd Developed Ruderal Deciduous Forested Wetland,68,79,137,0,0,1
2944,2944,Dtc Developed Ruderal Evergreen Forested Wetland,68,79,137,0.26666,0.3098,0.53725
2945,2945,Dtm Developed Ruderal Deciduous-Evergreen Forested Wetland,68,79,137,0.26666,0.3098,0.53725
2946,2946,Dsh Developed Ruderal Shrub Wetland,158,170,215,0.6196,0.66666,0.84313
2947,2947,Dgr Developed Ruderal Herbaceous Wetland,122,142,245,0.47843,0.55686,0.96078
2960,2960,Dab Orchard,210,28,94,0.82352,0.1098,0.36862
2961,2961,Da Vineyard,168,0,132,0.65882,0,0.51764
2962,2962,Dab Bush Fruit and Berries,210,28,119,0.82352,0.1098,0.46666
2963,2963,Da Row Crop - Close Grown Crop,255,245,140,1,0.96078,0.54902
2964,2964,Da Row Crop,250,255,119,0.98039,1,0.46666
2965,2965,Da Close Grown Crop,255,237,119,1,0.92941,0.46666
2966,2966,Dab Fallow/Idle Cropland,255,255,119,1,1,0.46666
2967,2967,Dab Pasture and Hayland,227,212,28,0.89019,0.83137,0.1098
2968,2968,Da Wheat,250,227,163,0.98039,0.89019,0.63921
2969,2969,Da Aquaculture,210,255,237,0.82352,1,0.92941
2970,2970,Dab Sugar Cane,250,255,119,1,1,0
2972,2972,Tr Caribbean Coastal Dry Evergreen Forest,0,92,0,0,0.36078,0
2973,2973,Sps Caribbean Coastal Rocky Shore,100,100,100,0.39215,0.39215,0.39215
2974,2974,Sh Caribbean Coastal Thornscrub,145,255,115,0.56862,1,0.45098
2975,2975,Sh Caribbean Dry Karst Shrubland,145,255,115,0.56862,1,0.45098
2976,2976,"Tr Caribbean Edapho-Xerophilous ""Mogote"" Complex",96,255,71,0.37647,1,0.27843
2977,2977,He Caribbean Emergent Herbaceous Estuary,112,82,57,0.43921,0.32156,0.22352
2978,2978,Tr Caribbean Floodplain Forest,156,128,92,0.61176,0.50196,0.36078
2979,2979,He Caribbean Freshwater Marsh,112,82,57,0.43921,0.32156,0.22352
2980,2980,Tr Caribbean Lowland Moist Serpentine Woodland,0,222,0,0,0.87058,0
2981,2981,He Caribbean Montane Meadow,116,214,204,0.4549,0.83921,0.8
2982,2982,Tr Caribbean Montane Wet Elfin Forest,174,245,224,0.68235,0.96078,0.87843
2983,2983,Tr Caribbean Montane Wet Serpentine Woodland,0,222,0,0,0.87058,0
2984,2984,Sh Caribbean Montane Wet Short Shrubland,112,82,57,0.43921,0.32156,0.22352
2985,2985,Tr Caribbean Riparian Forest and Shrubland,156,128,92,0.61176,0.50196,0.36078
2986,2986,Sps Caribbean Salt Flat and Pond,100,100,100,0.39215,0.39215,0.39215
2987,2987,Sps Caribbean Sand Beach Vegetation,100,100,100,0.39215,0.39215,0.39215
2988,2988,Tr Caribbean Sand Savanna,131,222,110,0.51372,0.87058,0.43137
2989,2989,Tr Caribbean Seasonal Evergreen Lowland Forest,0,222,0,0,0.87058,0
2990,2990,Tr Caribbean Seasonal Evergreen Submontane/Lowland Forest,0,222,0,0,0.87058,0
2991,2991,Tr Caribbean Semi-deciduous Lowland Forest,180,255,148,0.70588,1,0.58039
2992,2992,Sh Caribbean Serpentine Dry Scrub,145,255,115,0.56862,1,0.45098
2993,2993,Tr Caribbean Submontane/Montane Karstic Forest,174,245,224,0.68235,0.96078,0.87843
2994,2994,Tr Caribbean Wet Montane Forest,156,128,92,0.61176,0.50196,0.36078
2995,2995,Tr Caribbean Wet Submontane/Lowland Forest,156,128,92,0.61176,0.50196,0.36078
2996,2996,Sps Stabilized Caribbean Dunes,100,100,100,0.39215,0.39215,0.39215
4408,4408,Sh Alaska Sub-boreal Mesic Subalpine Alder Shrubland,146,237,224,1,1,1
4411,4411,Sh Alaskan Pacific Acidic Shrub-Sedge Peatland,133,39,8,1,0,0
4412,4412,Sh Alaskan Pacific Alpine-Subalpine Dwarf-shrubland & Heath,212,129,34,1,0.505882,0.133333
4413,4413,Tr Alaskan Pacific Floodplain Conifer Forest,18,76,135,0,0,1
4418,4418,Tr Alaskan Pacific Maritime Mountain Hemlock-Shore Pine Peatland,133,39,8,1,0.152941,0.031373
4421,4421,Tr Alaskan Pacific Mountain Hemlock Forest and Subalpine Woodland ,0,92,0,0,0.360784,0
4423,4423,Tr Alaskan Pacific Sitka Spruce Forest and Beach Ridge,0,117,0,0,0,0
4424,4424,Sh Alaskan Pacific Wet Low Shrubland & Floodplain Wetland,255,153,0,1,1,0
4425,4425,Sh Alaskan Pacific-Aleutian Alder-Salmonberry-Copperbush Shrubland,146,237,224,1,1,1
4426,4426,He Alaskan Pacific-Aleutian Coastal Dune Beach and Beach Meadow,255,0,0,1,0,0
4427,4427,He Alaskan Pacific-Aleutian Fen and Wet Meadow,255,205,112,1,1,0
4429,4429,Sh Aleutian Ericaceous Dwarf-shrubland Heath and Fell-field,79,36,26,0,0,0
4435,4435,Sh North American Arctic Dryas Tundra,194,68,21,1,0.266667,0.082353
4436,4436,Sh North American Arctic Dwarf-Shrub Lichen Tundra,255,102,0,1,0,0
4437,4437,Sh North American Arctic Dwarf-shrub-Wet Sedge-Sphagnum Peatland,133,39,8,1,0,0
4438,4438,He North American Arctic Freshwater Marsh,255,153,0,1,1,0
4443,4443,Sh North American Arctic Polygonal Ground Shrub & Tussock Tundra,194,68,21,1,0.266667,0.082353
4443,4443,Sh North American Arctic Polygonal Ground Shrub & Tussock Tundra,255,73,28,1,0.286275,0.109804
4445,4445,Sh North American Arctic Sparse Tundra,255,102,0,1,0,0
4446,4446,He North American Arctic Wet Sedge Tundra and Polygonal Ground ,255,205,112,1,0.803922,0.439216
4447,4447,He North American Arctic-Subarctic Coastal Dune & Beach,255,0,0,1,0,0
4448,4448,Sh North American Arctic and Subarctic Shrub-Tussock Tundra,255,73,28,1,0,0
4449,4449,He North American Arctic-Subarctic Tidal Salt and Brackish Marsh,255,153,10,1,1,0
4450,4450,He North American Arctic and Subarctic Tussock Tundra,255,73,28,1,0,0
4453,4453,Sh Western North American Boreal Alpine Dwarf-shrubland,212,129,34,1,1,0
4461,4461,He Western North American Boreal Freshwater Emergent Marsh,255,153,0,1,1,0
4462,4462,Tr Western North American Boreal Lowland Large River Floodplain Conifer Forest,18,76,135,0,0,1
4467,4467,Tr Western North American Boreal Mesic-Wet Black Spruce Forest and Woodland,182,250,227,1,1,1
4468,4468,Tr Western North American Boreal Montane Floodplain Conifer Forest,18,76,135,0,0,1
4469,4469,Tr Western North American Boreal Riparian Stringer Conifer Forest,18,76,135,0,0,1
4472,4472,Sh Western North American Boreal Shrub-Sedge Bog & Acidic Fen,150,58,12,1,0,0
4484,4484,Tr Western North American Boreal Mesic-Wet Black Spruce-Hardwood Forest and Woodland,182,250,227,1,1,1
4485,4485,Tr Alaskan Pacific Floodplain Deciduous Forest,18,76,135,0,0,1
4486,4486,Tr Alaskan Pacific Floodplain Mixed Forest,18,76,135,0,0,1
4487,4487,Tr Western North American Boreal Lowland Large River Floodplain Deciduous Forest,18,76,135,0,0,1
4488,4488,Tr Western North American Boreal Lowland Large River Floodplain Mixed Forest,18,76,135,0,0,1
4489,4489,Tr Western North American Boreal Montane Floodplain Deciduous Forest,18,76,135,0,0,1
4490,4490,Tr Western North American Boreal Montane Floodplain Mixed Forest,18,76,135,0,0,1
4491,4491,Tr Western North American Boreal Riparian Stringer Deciduous Forest,18,76,135,0,0,1
4492,4492,Tr Western North American Boreal Riparian Stringer Mixed Forest,18,76,135,0,0,1
4601,4601,Sps Micronesian Dry Cliff,100,100,100,0.39215,0.39215,0.39215
4602,4602,Sps Micronesian Dry-Site Lava Flow,100,100,100,0.39215,0.39215,0.39215
4603,4603,Sh Micronesian Dry Coastal Strand,42,255,31,0.1647,1,0.12156
4604,4604,Tr Micronesian Lowland Rain Forest,0,189,0,0,0.74117,0
4605,4605,Tr Micronesian Lowland Limestone Forest,63,255,46,0.24705,1,0.18039
4606,4606,Tr Central and Southern Polynesian Montane Rainforest,0,189,0,0,0.74117,0
4609,4609,Tr Micronesian Ravine and Riparian Forest and Shrubland,0,237,0,0,0.92941,0
4609,4609,Tr Micronesian Ravine and Riparian Forest and Shrubland,0,237,0,0,0.92941,0
4610,4610,He Polynesian Freshwater Marsh,255,153,0,1,0.6,0
4611,4611,Tr Micronesian Swamp Forest,67,162,181,0.26274,0.63529,0.7098
4612,4612,Tr Western Pacific Mangrove,0,237,0,0,0.92941,0
4614,4614,Tr Central and Southern Polynesian Coastal Wooded Strand,0,189,0,0,0.74117,0
4615,4615,Sps Central and Southern Polynesian Cliff,100,100,100,0.39215,0.39215,0.39215
4616,4616,Sps Central and Southern Polynesian Lava Flow,100,100,100,0.39215,0.39215,0.39215
4617,4617,Sh Central and Southern Polynesian Dry Coastal Strand,100,100,100,0.39215,0.39215,0.39215
4618,4618,Tr Central and Southern Polynesian Lowland Rain Forest,224,252,192,0.87843,0.98823,0.75294
4620,4620,Tr Central and Southern Polynesian Cloud Forest,0,204,0,0,0.8,0
4621,4621,Tr Central and Southern Polynesian Littoral Forest,42,255,31,0.1647,1,0.12156
4622,4622,Tr Pacific Islands Ravine Forest,0,237,0,0,0.92941,0
4623,4623,Tr Central and Southern Polynesian Swamp Forest,67,162,181,0.26274,0.63529,0.7098
4627,4627,Sh Central and Southern Polynesian Dry Coastal Strand Shrubland,42,255,31,0.1647,1,0.12156
4628,4628,Sh Central and Southern Polynesian Dry Coastal Strand Shrubland,42,255,31,0.1647,1,0.12156
4800,4800,"Tr 2815, 2817, 2821, 2899 Exotic - Short Herb",255,105,46,1,0.41176,0.18039
4801,4801,"Tr 2815, 2817, 2821, 2899 Exotic - Medium Herb",255,105,46,1,0.41176,0.18039
4802,4802,"Tr 2815, 2817, 2821, 2899 Exotic - Tall Herb",255,105,46,1,0.41176,0.18039
